Contrada Pietrarotta,38.4801710,16.5507464
Corso Cardinale Guglielmo Sirleto,38.5050203,16.5045226
Località Vinci,38.5035850,16.5001349
Lungomare di Guardavalle,38.4809743,16.5801577
Piazza Dante Alighieri,38.4783024,16.5783436
Scesa Carmine,38.5043135,16.5080534
Strada Statale 106 Jonica,38.5035878,16.5765502
Via Andrea Giordano,38.5282503,16.4745419
Via Erta III Cardinale Sirleto,38.5062777,16.5037808
Via Fausto Gallo,38.4752002,16.5757601
Via Giuseppe Mazzini,38.5061747,16.5056061
Via Guglielmo Marconi,38.5043409,16.5035694
Via I Maggio,38.4721522,16.5783657
Viale Europa,38.4789601,16.5774958
Via Lungomare,38.4810631,16.5800415
Via Nazionale,38.4779352,16.5790051
Via Pietro Nenni,38.4794845,16.5752985
Via Provinciale,38.4835670,16.5717149
Via Raffaele Salerno,38.5058967,16.5066674
Via Repubblica,38.4823458,16.5762443
Via Roma,38.5054598,16.5003958
Via Roma Antica,38.5064476,16.5061948
Largo Santa Maria,38.5344942,16.5229346
Strada Statale 106 Jonica,38.5035878,16.5765502
Via 25 Aprile,38.5322714,16.5233141
Via Aldo Moro,38.5338898,16.5696040
Via Bassoporta,38.5359285,16.5243695
Via Calabria,38.5331888,16.5695657
Via Corrado Alvaro,38.5307551,16.5697037
Via delle Serre,38.5271563,16.5679368
Via Enrico Berlinguer,38.5325222,16.5681444
Via Giosuè Carducci,38.5286220,16.5703029
Via Indipendenza,38.5315613,16.5702385
Viale della Libertà,38.5334406,16.5695730
Viale Italia,38.5331623,16.5700025
Viale Piave,38.5316232,16.5234508
Via Loi,38.5342545,16.5213517
Via Magoni,38.5363241,16.5225126
Via Mattia Preti,38.5360596,16.5659464
Via Nazionale,38.5237017,16.5718904
Via Nicholas Green,38.5324540,16.5236882
Via Padre Pio,38.5313952,16.5250474
Via Perdicari,38.5331610,16.5226891
Via Pio X,38.5317618,16.5235870
Via Porta dell'Acqua,38.5347032,16.5203090
Via Roma,38.5341593,16.5209780
Via San Pantaleone,38.5346260,16.5221870
Via Santa Caterina,38.5348310,16.5222841
Via Tommaso Campanella,38.5292654,16.5690358
Via Valle,38.5351773,16.5221213
Via Vittorio Veneto,38.5343145,16.5190392
Via XXIV Maggio,38.5337933,16.5220978
Corso Umberto I,38.5685557,16.5253691
Corso Vittorio Emanuele III,38.5686509,16.5269309
Largo Matteotti,38.5684074,16.5266455
Piazza Nicola Paparo,38.5679154,16.5275567
Strada Statale 106 Jonica,38.5914185,16.5621073
Via Alcide De Gasperi,38.5782282,16.5626621
Via Antonio Gramsci,38.5727392,16.5472640
Via Bellini,38.5679653,16.5281719
Via Cardarello,38.5830074,16.5465431
Via Castello,38.5684801,16.5241282
Via Corrado Alvaro,38.5718537,16.5623596
Via Dante Alighieri,38.5680668,16.5263424
Via dei Salci,38.5696566,16.5633153
Via delle Mimose,38.5733382,16.5640579
Via del Torrente,38.5695237,16.5645589
Via Don Luigi Sturzo,38.5783110,16.5626956
Via Ernesto Che Guevara,38.5697071,16.5634529
Via Fontanelli,38.5670386,16.5190928
Via Fra Domenico da Badolato,38.5764441,16.5654274
Via Francesco Caporale,38.5726112,16.5611349
Via Fratelli Cervi,38.5695555,16.5653054
Via Gallelli,38.5688847,16.5249852
Via Gallipoli,38.5902660,16.5558636
Via Giuseppe Garibaldi,38.5706376,16.5660817
Via Giuseppe Mazzini,38.5705917,16.5657817
Via Giuseppe Pisani,38.5750271,16.5657723
Via Giuseppe Scuteri,38.5723986,16.5621789
Viale Aldo Moro,38.5817037,16.5637083
Viale Anna Leuzzi,38.5691477,16.5681193
Viale Magna Grecia,38.5787754,16.5648183
Viale Mare,38.5703009,16.5682815
Via Nazionale,38.5770633,16.5658574
Via Pilieri,38.5677402,16.5283397
Via Provinciale,38.5693598,16.5239053
Via Provvidenza,38.5680029,16.5251513
Via Regina Margherita,38.5676787,16.5290254
Via San Nicola,38.5680222,16.5277991
VIa Santa Lucia,38.5676863,16.5286275
Via Sottotenente Luigi Spasari,38.5773473,16.5650872
Via Vodà,38.5677008,16.5661417
Vico I San Domenico,38.5685196,16.5231121
Vico Re,38.5677960,16.5281479
VIco Siena,38.5676181,16.5281822
I trav. via Gorello,38.6505380,16.5299007
Strada Statale 106 Jonica,38.6458849,16.5484838
Via degli Ulivi,38.6459604,16.5503484
Via dei Pini,38.6469206,16.5555636
Via del Mare,38.6505124,16.5510863
Via Gorello,38.6530465,16.5299375
Viale J.F. Kennedy,38.6578128,16.5504089
Via piani di bella,38.6532632,16.5387829
Via Sandro Pertini,38.6522396,16.5458890
Via Tigani,38.6550505,16.5522169
Piazza Municipio,38.6008943,16.5196035
Piazza Santo Nicola,38.6008096,16.5199765
Salita Municipio,38.6009430,16.5195870
Strada Statale 106 Jonica,38.5973455,16.5597689
Traversa III via San Michele,38.6034813,16.5549970
Via Arcari,38.6014940,16.5175356
Via Augusto Ortona,38.6058955,16.5552356
Via Borgo,38.6003987,16.5200729
Via Circonvallazione On. Paparo,38.6034148,16.5552122
Via Croci,38.6000064,16.5210888
Via dei Fiori,38.6023598,16.5618696
Via dei Gelsi,38.6031954,16.5638632
Via dei Girasoli,38.6024331,16.5611163
Via dei Platani,38.6034590,16.5622317
Via delle Mimose,38.6059358,16.5608020
Via Gallipoli,38.5902660,16.5558636
Via Giuseppe Greco,38.6059409,16.5553034
Via Grande,38.5991593,16.5601152
Viale della Libertà,38.6056436,16.5543993
Viale della Repubblica,38.6041881,16.5559630
Viale del Mare,38.6039287,16.5608434
Via Monsignor Varano,38.6055415,16.5560284
Via Municipio,38.6005440,16.5195900
Via Oliandri,38.6022571,16.5598092
Via Olivarella,38.6036250,16.5508569
Via Paolo Borsellino,38.6050683,16.5531039
Via Porta Reale,38.6012383,16.5188078
Via Sandro Pertini,38.6045488,16.5516723
Via Strada III,38.6034230,16.5556698
Via Strada IV,38.6028492,16.5553754
Via Tommaso Campanella,38.6011247,16.5191173
Via Vittorio Veneto,38.6011289,16.5195540
Vico II Via Arcari,38.6014428,16.5173319
Vico I Via Arcari,38.6013215,16.5174929
S.P. Cardinale - Torre di Ruggiero,38.6480186,16.3767620
Strada statale 182 delle Serre Calabre,38.6538158,16.3667633
Strada Statale 713 Trasversale delle Serre,38.6750231,16.4135210
Trasversale delle Serre,38.6438335,16.3773731
Piazza Alcide De Gasperi,38.6193659,16.5508638
Piazza Duca degli Abruzzi,38.6217617,16.5298103
Piazza Martin Luther King,38.6197535,16.5510084
Piazza Peppino Impastato,38.6187238,16.5500980
Piazza Stazione,38.6200450,16.5529873
Strada Statale 106 Jonica,38.6417821,16.5488987
Via Aldo Moro,38.6185543,16.5527807
Via Alfonso Cosentino,38.6230393,16.5300152
Via Amendola,38.6193292,16.5450540
Via Andrea Campagna,38.6187797,16.5516712
Via Antonio Gramsci,38.6201463,16.5516010
Via Carlo Alberto Dalla Chiesa,38.6181606,16.5528718
Via Cassiodoro,38.6212669,16.5295751
Via Corrado Alvaro,38.6192465,16.5511879
Via degli Emigranti,38.6223253,16.5322561
Via della Fraternità,38.6256411,16.5220523
Via della Pace,38.6254750,16.5250025
Via delle Mimose,38.6194132,16.5512543
Via Don Peppino Addino,38.6196743,16.5485306
Via Dossetti,38.6201177,16.5449500
Via Enrico Fermi,38.6205058,16.5521850
Via F. Cilea,38.6211112,16.5517552
Via Giuseppe Di Vittorio,38.6229551,16.5313551
Via Giuseppe Garibaldi,38.6213311,16.5295113
Via Giuseppe Saragat,38.6248756,16.5487896
Via Guido Rossa,38.6218323,16.5514336
Viale Francesco Armogida,38.6196530,16.5510259
Viale Francesco Lucifero,38.6170779,16.5573593
Via Libero Grassi,38.6189751,16.5515527
Via Luigi Einaudi,38.6254450,16.5498329
Via Maddalena,38.6204182,16.5311171
Via Mattia Preti,38.6201563,16.5439315
Via Napoli,38.6226298,16.5296812
Via Nazionale,38.6237579,16.5514213
Via Nilde Jotti,38.6203342,16.5489928
Via Palmiro Togliatti,38.6208156,16.5512818
Via Papa Giovanni I,38.6205601,16.5477161
Via Pietro Nenni,38.6235199,16.5499999
Via Pino Lombardo,38.6148826,16.5613076
Via Pitagora,38.6202797,16.5507098
Via Regina Elena,38.6199815,16.5310537
Via Roma,38.6234757,16.5270748
Via Sandro Pertini,38.6242530,16.5494762
Via San Giuseppe,38.6228679,16.5300767
Via San Michele,38.6219100,16.5309731
Via Trieste,38.6215508,16.5323718
Via Umberto I,38.6221025,16.5291543
Via Vittorio Bachelet,38.6192240,16.5472421
Via Vittorio Emanuele III,38.6214655,16.5304377
Vico II Via Cassiodoro,38.6206974,16.5303733
Vico II Via Regina Margherita,38.6218497,16.5306365
Vico I Via Trento,38.6229043,16.5291896
Vico VI via Trieste,38.6224136,16.5298904
Vico V Via Regina Elena,38.6210901,16.5307586
S.P. Cardinale - Torre di Ruggiero,38.6480186,16.3767620
Strada statale 182 delle Serre Calabre,38.6538158,16.3667633
Trasversale delle Serre,38.6218130,16.3741270
Via Vittorio Emanuele III,38.6499582,16.3699720
C.da Strumba,38.6578520,16.5258230
IV traversa Viale Cassiodoro,38.6661083,16.5474658
IV trav. Viale Cassiodoro,38.6666253,16.5468305
Strada Statale 106 Jonica,38.6567716,16.5470853
Via Ada Negri,38.6690276,16.5547721
Via Alberto Moravia,38.6641971,16.5542483
Via Alcide De Gasperi,38.6653194,16.5424835
Via Aldo Moro,38.6665537,16.5428835
Via Antonio Gramsci,38.6651966,16.5437770
Via A. Vespucci,38.6574035,16.5518744
Via C.A. Dalla Chiesa,38.6672514,16.5458057
Via Certosa,38.6672585,16.5425037
Via Corrado Alvaro,38.6685829,16.5454704
Via Cristoforo Colombo,38.6580929,16.5523748
Via Cutugno,38.6567658,16.5467124
Via degli Ulivi,38.6686150,16.5222870
Via E.Montale,38.6664415,16.5510362
Via Enrico Berlinguer,38.6667118,16.5411731
Via Enrico Fermi,38.6559025,16.5472149
Via Fausto Coppi,38.6553355,16.5185770
Via F.Cilea,38.6653738,16.5525304
Via Forgiarello,38.6696642,16.5509726
Via Gaetano Donizetti,38.6588517,16.5507622
Via Gallo,38.6606596,16.5273255
Via Gialla,38.6644370,16.5304929
Via Gioacchino Rossini,38.6634487,16.5541355
Via Giorgio Amendola,38.6667988,16.5454233
Via Giovanni Falcone,38.6631019,16.5435499
Via Giuseppe Verdi,38.6598250,16.5518310
Via Gorello,38.6530465,16.5299375
Via Grazie Deledda,38.6680035,16.5477773
Via Guido Rossa,38.6656681,16.5434900
Via II trav. viale della Repubblica,38.6648477,16.5417350
Via I trav. via Papa Giovanni XXIII,38.6681356,16.5432656
Via L. Da Vinci,38.6566024,16.5516935
Viale Cassiodoro,38.6593519,16.5456825
Viale della Repubblica,38.6645137,16.5428251
Viale J.F. Kennedy,38.6578128,16.5504089
Via Leonardo Sciascia,38.6652126,16.5545599
Via Marincola,38.6618975,16.5397292
Via Martin Luther King,38.6683530,16.5508404
Via Mattia Preti,38.6649866,16.5457149
Via Messer Giovanni,38.6702052,16.5423052
Via Papa Giovanni XXIII,38.6676372,16.5424229
Via P.Borsellino,38.6673807,16.5450220
Via piani di bella,38.6532632,16.5387829
Via Pier Paolo Pasolini,38.6672432,16.5508539
Via Pietro Nenni,38.6670139,16.5413549
Via Pitagora,38.6683472,16.5436979
Via Primo Maggio,38.6686573,16.5427852
Via risorgimento,38.6707657,16.5444152
Via Roella sotto,38.6595650,16.5537744
Via salita castello Felluso,38.6598205,16.5426855
Via Sandro Pertini,38.6671317,16.5432494
Via Santa Elena,38.6583790,16.5356391
Via Sant'Ippolito,38.6601053,16.5195713
Via Votarelle,38.6688351,16.5237054
Via XXV Aprile,38.6670738,16.5335302
Strada Statale 106 Jonica,38.6749296,16.5463977
Via Forgiarello,38.6696642,16.5509726
Via risorgimento,38.6707657,16.5444152
Trasversale delle Serre,38.6765845,16.4476516
Corso Gregorio Staglianò,38.6773817,16.4104435
Strada statale 182 delle Serre Calabre,38.6538158,16.3667633
Strada Statale 713 Trasversale delle Serre,38.6684231,16.4007789
Via Suor Brigida Pastorino,38.6809121,16.4086653
Corso Vittorio Emanuele III,38.6806319,16.4382048
Strada Statale 713 Trasversale delle Serre,38.6750231,16.4135210
Trasversale delle Serre,38.6786245,16.4185051
Corso Vittorio Emanuele III,38.7015868,16.4728085
Contrada San Nicola,38.7004495,16.5358342
Corso Umberto I,38.6868079,16.5491723
II traversa Aldo Moro,38.6857506,16.5543005
I traversa Aldo Moro,38.6858627,16.5545241
Piazza Maria Ausiliatrice,38.6875454,16.5502127
Piazza Nettuno,38.6878292,16.5552935
Piazza Renato Lio,38.6861781,16.5515644
Salita Beato Michele Rua,38.6898678,16.5467036
Strada Statale 106 Jonica,38.6920565,16.5398533
Traversa Galvaligi,38.6881146,16.5459781
Traversa III Umberto I,38.6892025,16.5470115
Traversa II Umberto I,38.6894527,16.5470021
Traversa I Umberto I,38.6900372,16.5464085
Traversa I Via Carlo Amirante,38.6873898,16.5495731
Via 1° maggio,38.7053215,16.5244190
Via 25 Aprile,38.6866308,16.5537525
Via Alcide De Gasperi,38.6851635,16.5547557
Via Aldo Moro,38.6854154,16.5541006
Via Alfonso Castagna,38.6859093,16.5465385
Via Antonio Gramsci,38.6872648,16.5532977
Via Antonio Vivaldi,38.6863312,16.5507376
Via Bachelet,38.6879112,16.5465678
Via Bruno Da Colonia,38.6853785,16.5425435
Via Carcara,38.6851957,16.5462121
Via Carlo Amirante,38.6808638,16.5551546
Via Cassiodoro,38.6899992,16.5493642
Via Cesare Battisti,38.6875098,16.5478559
Via Chiarello,38.6897946,16.5474288
Via Dante Alighieri,38.6873760,16.5485873
Via Degli Olmi,38.6847093,16.5469464
Via dei Tulipani,38.6854732,16.5452533
Via della Repubblica,38.6870574,16.5462857
Via Della Repubblica,38.6862319,16.5469971
Via della Vittoria,38.6892443,16.5485002
Via Delle Magnolie,38.6848754,16.5460887
Via Delle Mimose,38.6852869,16.5455538
Via Delle Palme,38.6844756,16.5460375
Via Delle Rose,38.6845912,16.5453563
Via Domenico Cimarosa,38.6859580,16.5531241
Via Duca De Petrizzi,38.6890403,16.5472634
Via Duomo,38.6883500,16.5306879
Via Enrico Galvaligi,38.6884322,16.5463306
Via F. Pisani,38.6860399,16.5491574
Via Francesco Cilea,38.6869375,16.5508169
Via Francesco Corapi,38.6888124,16.5474284
Via Galliano,38.6878511,16.5478654
Via G. Bruno,38.6878229,16.5480790
Via Giacomo Leopardi,38.6820736,16.5524830
Via Giacomo Puccini,38.6863650,16.5523230
Via Giorgio Amendola,38.6859426,16.5542979
Via Giovanni XXIII,38.6881049,16.5465313
Via Gorizia,38.6881815,16.5478946
Via Guglielmo Marconi,38.6897027,16.5457093
Via Indipendenza,38.6884394,16.5523354
Via Italia,38.6862133,16.5460121
Via Kennedy,38.6844467,16.5549379
Viale Aldo Moro,38.6847715,16.5528890
Viale Cristoforo Colombo,38.6891947,16.5526000
Viale Cuturella,38.6868063,16.5408609
Viale della Stazione,38.6842684,16.5499351
Viale Magna Grecia,38.6870219,16.5534594
Via Maestri Del Lavoro,38.6891119,16.5462063
Via Marina,38.6906516,16.5468878
Via Martiri di Gerace,38.6862568,16.5540557
Via Mascagni,38.6860661,16.5509626
Via Monfalcone,38.6867685,16.5487601
Via Olimpia,38.6887596,16.5491057
Via Papa Giovanni XXIII,38.6872542,16.5465216
Via Piave,38.6870332,16.5468282
Via Pietro Nenni,38.6874293,16.5531857
Via Pitagora,38.6898418,16.5499279
Via Pola,38.6876060,16.5484422
Via Poliporto,38.6901174,16.5473773
Via Regina Margherita,38.6900769,16.5442254
Via Risorgimento,38.6887413,16.5518904
Via San Giovanni Bosco,38.6866634,16.5528598
Via San Martino,38.6890983,16.5486838
Via Solferino,38.6885111,16.5476784
Via Trento e Trieste,38.6853328,16.5481107
Via Trento Trieste,38.6884429,16.5469080
Via Ugo Foscolo,38.6816875,16.5535297
Via Vincenzo Bellini,38.6870665,16.5514652
Via Vittorio Veneto,38.6879595,16.5531171
Via Zara,38.6879196,16.5482029
Vico Chiarello,38.6894020,16.5480538
Strada Statale 106 Jonica,38.7257633,16.5360353
Via 1° maggio,38.7053215,16.5244190
Via 25 Aprile,38.7310593,16.5420816
Via Alcide de Gasperi,38.7304573,16.5403364
Via Antonio Gramsci,38.7299155,16.5407810
Via Cav.Giuseppe Pirró,38.7230136,16.4973118
Via F.lli Bandiera,38.7302588,16.5411261
Via Gregorio De Siena,38.7216823,16.4998086
Via Gregorio e Saverio Mattei,38.7227689,16.4976854
Via Indipendenza,38.7224947,16.4983172
Via Leonardo da Vinci,38.7222066,16.4973064
Via Luigi Rossi,38.7223126,16.4974887
Via Matteotti,38.7295059,16.5413547
Via Pasquale Galluppi,38.7230513,16.4963782
Via Porta di Giu,38.7204597,16.4998870
Via Regina Margherita,38.7217253,16.4983904
Via Roma,38.7215399,16.4995794
Via Sotto le Mura,38.7220448,16.4971209
Via Umberto I,38.7220753,16.4979471
Via XX Settembre,38.7218034,16.4986418
Vico I Gregorio e Saverio Mattei,38.7231977,16.4977734
Vico II Gregorio e Saverio Mattei,38.7230042,16.4977523
Vico III Gregorio e Saverio Mattei,38.7228388,16.4978239
Vico III Umberto I,38.7222397,16.4978672
Vico IV Gregorio e Saverio Mattei,38.7227203,16.4978891
Vico X Gregorio e Saverio Mattei,38.7224825,16.4979377
Vico XI Gregorio e Saverio Mattei,38.7224122,16.4979861
Vico XII Gregorio e Saverio Mattei,38.7222930,16.4981086
Vico XIII Gregorio e Saverio Mattei,38.7220529,16.4983019
Vico X Luigi Rossi,38.7226166,16.4965309
Vico X Regina Margherita,38.7220323,16.4983943
Corso Umberto I,38.7103331,16.4088388
Villa comunale,38.7106531,16.4068081
Villetta comunale,38.7108758,16.4090602
Piazzale Beato Antonio,38.7229966,16.4265110
Via Vittorio Emanuele III,38.7236345,16.4254872
Strada Statale 106 Jonica,38.7444341,16.5520653
Via 25 Aprile,38.7310593,16.5420816
Via dei Marinai,38.7356923,16.5497870
Piazza Vittorio Emanuele III,38.7526426,16.4553590
Via Vittorio Emanuele III,38.7524236,16.4553730
Via Como,38.7754606,16.3951863
Viale Cassiodoro,38.7854653,16.4844544
1° Traversa Filata,38.8360836,16.4068386
Contrada Cancello,38.8433172,16.4108892
Contrada Vardari,38.8440806,16.4115103
Largo Foderaro,38.8373672,16.4075370
Largo Lo faro,38.8391293,16.4070893
Piazza della Repubblica,38.8377002,16.4117395
Piazza Italia,38.8376162,16.4072257
Piazza San Nicola,38.8403802,16.4147805
Traversa 1° Viale Europa,38.8370805,16.4132950
Traversa Scalella,38.8392110,16.4073354
Via Aldo Moro,38.8384047,16.4053934
Via Antonio Cefaly,38.8387452,16.4066660
Via Antonio Gramsci,38.8385095,16.4104726
Via Caduti del Lavoro,38.8378246,16.4130741
Via Cesare Battisti,38.8398477,16.4132545
Via Corrado Alvaro,38.8376024,16.4063998
Via Cortalo,38.8428940,16.4129239
Via D'Annunzio,38.8396300,16.4155332
Via della Costituzione,38.8379978,16.4044198
Via della Passione,38.8383192,16.4030622
Via Diaz,38.8378413,16.4067083
Via dottor Migliaccio,38.8410911,16.4145531
Via Dottor P2ellegrini,38.8379788,16.4078221
Via Enrico Berlinguer,38.8385668,16.4053956
Via Enrico Fermi,38.8377646,16.4122859
Via Erba Provincia di Como,38.8427094,16.4129463
Via Filatella,38.8366701,16.4065840
Via Filippo Turati,38.8395150,16.4084594
Via Fragale,38.8370395,16.4068837
Via Francesco Baracca,38.8401776,16.4144113
Via Francesco Todaro,38.8313469,16.4131555
Via Galileo Galilei,38.8378143,16.4124042
Via Galluppi,38.8385201,16.4067779
Via Giuseppe Barilà,38.8384501,16.4073211
Via Guglia,38.8394073,16.4068011
Via La Scala,38.8389737,16.4075556
Viale Europa,38.8380573,16.4132648
Via Martiri della Libertà,38.8377472,16.4128480
Via Messina,38.8393353,16.4119237
Via Pepe,38.8372237,16.4058414
Via Perfetto Venuti,38.8379405,16.4076201
Via Risorgimento,38.8406356,16.4123034
Via Roma,38.8407315,16.4132109
Via Salvo D'Acquisto,38.8383311,16.4128647
Via San Giovannello,38.8387605,16.4072620
Via Sergente Bertuca,38.8390196,16.4087927
Via Sergente Caliò,38.8389198,16.4092309
Via Telesio,38.8374829,16.4055580
Via Tommaso Campanella,38.8377586,16.4053314
Via Vittorio Veneto,38.8410354,16.4137567
Vico 1° Andrea Cefaly,38.8380581,16.4080429
Vico 1° Baracca,38.8402573,16.4140413
Vico 1° Fragale,38.8369151,16.4061106
Vico 1° Guglia,38.8392368,16.4067192
Vico 1° Marconi,38.8387822,16.4067511
Vico 2° Dottor Migliaccio,38.8411691,16.4148422
Vico 2° Fragale,38.8366106,16.4056249
Vico 2° Guglia,38.8393232,16.4068543
Vico 2° Marconi,38.8387861,16.4066125
Vico 3° Dottor Migliaccio,38.8405616,16.4145087
Via Alcide De Gasperi,38.8112578,16.3409814
Borgo Tirone,38.7813267,16.5205021
Corso Guglielmo Pepe,38.7809651,16.5192011
Corso Gugliemo Pepe,38.7823892,16.5203850
Piazza Castello,38.7811736,16.5188244
Piazza del Municipio,38.7806319,16.5199920
Piazza del Risorgimento,38.7816029,16.5213825
Piazza Duomo,38.7814308,16.5216705
Piazza Santi Apostoli,38.7813516,16.5233089
Salita Tirone,38.7814771,16.5210570
SS106 var A,38.7815922,16.5519346
Strada Statale 106 Jonica,38.7755105,16.5645993
Strada Statale 106 Jonica Variante A,38.7801040,16.5533560
Via Alessi,38.7797027,16.5152282
Via Cappuccini,38.7818418,16.5125279
Via Cebbia,38.7799490,16.5148806
Via Damiano Assanti,38.7820986,16.5226383
Via dell'Antico Senato,38.7814666,16.5189286
Via di Porta di Raca Perroncino,38.7802336,16.5205323
Via di Porta Giudaica,38.7831742,16.5197820
Via Felice Assanti Pepe,38.7804968,16.5195945
Via Florestano Pepe,38.7808090,16.5178479
Via Guido Rhodio,38.7821185,16.5214053
Viale Cassiodoro,38.7854653,16.4844544
Viale dei Feaci,38.7785126,16.5733580
Viale dei Normanni,38.7806258,16.5649260
Viale Fuori le Porte,38.7805998,16.5156738
Via Lungomare Ulisse,38.7754023,16.5732895
Via Porta di Mare,38.7811910,16.5227576
Via San Bruno,38.7807699,16.5199790
Via San Domenico,38.7827101,16.5194939
Via San Matteo,38.7803898,16.5201643
Via Santa Chiara,38.7807618,16.5225631
Via Santi Apostoli,38.7814271,16.5225445
Via Stazione,38.7775073,16.5701720
Via Vico Vasai,38.7807119,16.5187693
Strada Statale 106 Jonica,38.7648076,16.5657621
Strada Statale 106 Jonica Variante A,38.7801040,16.5533560
Svincolo Copanello,38.7722225,16.5616578
Via Lungomare,38.7509344,16.5617963
3° Traversa Como,38.8230077,16.4210297
4° Traversa Como,38.8230884,16.4214210
5° Traversa Como,38.8234728,16.4215009
Contrada Bufalello,38.8292422,16.4338790
Contrada Guzzoni,38.8293197,16.4351030
Contrada Quadri,38.8316970,16.4347950
Corso Europa,38.8273267,16.4225949
Piazza della Repubblica,38.8220929,16.4254508
Piazza Umberto Primo,38.8220456,16.4245310
Via Africa,38.8221546,16.4283694
Via Alessandro Volta,38.8209836,16.4216963
Via America,38.8227037,16.4291437
Via Asia,38.8223252,16.4282384
Via Boccaccio,38.8288070,16.4241637
Via Campanella,38.8224605,16.4275958
Via Cavour,38.8225665,16.4237007
Via Città di Montpellier,38.8276754,16.4241999
Via Como,38.7754606,16.3951863
Via Dante Alighieri,38.8260713,16.4252877
Via De Amicis,38.8259271,16.4259340
Via dei Cipressi,38.8254127,16.4218616
Via dei Fiordalisi,38.8284386,16.4354342
Via dei Narcisi,38.8276552,16.4356170
Via della Repubblica,38.8220229,16.4268352
Via Francesco Todaro,38.8217660,16.4248514
Via Leopardi,38.8246625,16.4244627
Via Machiavelli,38.8256366,16.4261362
Via Manzoni,38.8246593,16.4251257
Via Messina,38.8278745,16.4239655
Via Palermo,38.8271318,16.4240900
Via Parini,38.8253806,16.4229531
Via Petrarca,38.8257491,16.4246228
Via Platone,38.8267544,16.4256691
Via Trento e Trieste,38.8234739,16.4252992
Via Francesco Todaro,38.8072957,16.4348378
Viale Cassiodoro,38.7854653,16.4844544
Autostrada del Mediterraneo,38.8321440,16.2560108
Corso Garibaldi,38.8256978,16.3117442
Largo De Fazio,38.8248569,16.3112153
Largo Vincenzo Sestito,38.8281196,16.3173831
Piazzale Vincenzo Sgromo,38.8285952,16.3135148
Piazza Marconi,38.8258462,16.3115745
Piazza Pier Camillo Senese,38.8276753,16.3170617
Salita Baracche,38.8261210,16.3132274
Salita Calvario,38.8283585,16.3134995
Salita Martiri,38.8258607,16.3129974
Salita Pietrapiana,38.8259827,16.3127080
Salita San Giuseppe,38.8267352,16.3120495
Salita Serra di Ciancio,38.8259869,16.3111178
Strada Statale Tirrena Inferiore,38.8181693,16.2285107
Via Alcide De Gasperi,38.8112578,16.3409814
Via Alfredo Esposito,38.8307687,16.3045761
Via Antonino Anile,38.8272581,16.3195097
Via Antonino Majello,38.8277108,16.3163174
Via Antonio Gramsci,38.8276987,16.3119041
Via Antonio Parisi,38.8303688,16.3118925
Via Belledonne,38.8249097,16.3118927
Via Bernardino Telesio,38.8272065,16.3190398
Via Bruno Sgromo,38.8248326,16.3103472
Via Cesare Cesareo,38.8267016,16.3159734
Via Clemenza,38.8307820,16.3067431
Via Corrado Alvaro,38.8276128,16.3201982
Via Cristoforo Colombo,38.8267818,16.3084909
Via Dante Alighieri,38.8360249,16.2677469
Via Domenico Perugini,38.8304105,16.3089500
Via Don Luigi Sturzo,38.8300649,16.3083499
Via Duomo,38.8249282,16.3114400
Via Elia Pallaria,38.8253512,16.3127100
Via Filanda,38.8267295,16.3116756
Via Fortunato Perugini,38.8261104,16.3124386
Via Giosuè Carducci,38.8374137,16.2654158
Via Giovanbattista Vono,38.8250708,16.3106585
Via Giuseppe Vono,38.8305847,16.3063227
Via Impietrata,38.8254747,16.3116783
Via John F. Kennedy,38.8307076,16.3066549
Viale Giovanni G. Tagliaferro,38.8293258,16.3049502
Viale Madre Vincenzina Frijia,38.8279198,16.3160920
Via Macelli,38.8249110,16.3121291
Via Maggiore Perugino,38.8290540,16.3112241
Via Nazionale,38.8281253,16.3211135
Via Notar Cola,38.8267459,16.3098658
Via Ospizio,38.8263252,16.3147745
Via Pasquale Ferraro,38.8288756,16.3110392
Via Pasquale Galluppi,38.8270351,16.3187752
Via Piano delle Aie,38.8284509,16.3203087
Via Pietro Mancini,38.8279629,16.3189866
Via Revenzino,38.8285736,16.3117962
Via Ricotti,38.8270666,16.3121339
Via Roma,38.8257745,16.3132723
Via Romolo Murri,38.8277462,16.3114997
Via Rughella,38.8251248,16.3124440
Via Salice,38.8326164,16.3025163
Via San Francesco,38.8253320,16.3114579
Via San Giovanni Precursore,38.8298739,16.3147959
Via San Rocco,38.8279035,16.3105214
Via Santa Maria della Grazia,38.8326845,16.3039468
Via Santuario,38.8268365,16.3086222
Via Saraceni,38.8256439,16.3106131
Via Sebastiano Augruso,38.8265847,16.3111728
Via Sebastiano Serrao,38.8291031,16.3205617
Via Serra di Ciancio,38.8262679,16.3108967
Via Sotto la chiesa,38.8261544,16.3048640
Via Teresa Augruso,38.8306511,16.3064825
Via Tommaso Campanella,38.8269599,16.3186038
Via Tre Canali,38.8251731,16.3131366
Via Villa,38.8248800,16.3111173
Via Vincenzo Calvieri,38.8275948,16.3145804
Via XX Settembre,38.8263421,16.3115796
Vico 1º Immacolata,38.8262751,16.3134211
Vico 2º Macelli,38.8249502,16.3121018
Vico 2º Pietrapiana,38.8256474,16.3118068
Vico 2° Piazza,38.8247942,16.3118039
Vico 3º Pietrapiana,38.8256827,16.3116714
Vico Alberghi,38.8256292,16.3129465
Vico Cefalì,38.8254596,16.3112828
Vico dell'orto,38.8251656,16.3125415
Vico del Pioppo,38.8266194,16.3113856
Vico Grupo,38.8261448,16.3119087
Vico III Duomo,38.8247027,16.3116101
Vico Loiacono,38.8256389,16.3120154
Vico Macelli,38.8249222,16.3121943
Vico Mastroianni,38.8255516,16.3128646
Vico Ortali,38.8262395,16.3127153
Vico Rughella,38.8248712,16.3124633
Vico Villa,38.8247743,16.3107877
Provinciale Roccelletta-Borgia-Girifalco,38.8172179,16.5764592
Strada Statale 106 Jonica,38.8182003,16.6067819
Strada Statale 106 Jonica Variante A,38.8238655,16.5634084
Viale Europa,38.8265146,16.5998058
Via Scylletion,38.8109946,16.5941346
Autostrada del Mediterraneo,38.8561768,16.2706081
Via Pietro Nenni,38.8458448,16.3398627
Contrada Comuneri,38.9021763,16.6260044
Contrada Doganieri,38.8466176,16.6659333
Contrada Mula,38.8679438,16.5853378
Contrada Santa Domenica,38.9228492,16.6093686
Contrada Santo Cono,38.9269753,16.5987315
Corso Giuseppe Mazzini,38.9026176,16.5944670
deviazione SP48,38.8699915,16.5627732
Discesa Agricoltori,38.9036374,16.5966028
Discesa Alberghi,38.9070161,16.5912745
Discesa Carbone,38.9033506,16.5937229
Discesa Case Arse,38.9085929,16.5888194
Discesa Cavour,38.9056548,16.5937988
Discesa Filanda,38.9035647,16.5925870
Discesa Giuseppe Poerio,38.9095581,16.5891078
Discesa Guglielmo Pepe,38.9039805,16.5912286
Discesa Jannoni,38.9068828,16.5924079
Discesa Piazza Nuova,38.9055291,16.5933941
Discesa Pietra Viva,38.9037307,16.5922651
Discesa Porta Marina,38.9021137,16.5949328
Discesa San Francesco di Paola,38.9022935,16.5946425
Discesa San Rocchello,38.9040340,16.5939414
Galleria Mancuso,38.9086174,16.5907169
Galleria San Giovanni,38.9094032,16.5888705
Gradoni Porta Marina,38.9038421,16.5942405
Grande Anello del Parco,38.9201514,16.5748298
Largo Piano Grande,38.9035085,16.5910686
Largo Raffaele Marincola Cattaneo,38.9035293,16.5931065
Largo Santa Barbara,38.9028642,16.5963866
Largo Zinzi,38.9068394,16.5929548
Località Barone Corace,38.9021989,16.5633161
Piazza Anita Garibaldi,38.8206099,16.6125609
Piazza Basilica Immacolata,38.9082190,16.5915643
Piazza Brindisi,38.8250850,16.6221903
Piazza Cavour,38.9048675,16.5937767
Piazza del Rosario,38.9043335,16.5928319
Piazza Dogana,38.8203313,16.6140811
Piazza Duomo,38.9052671,16.5918793
Piazza Fontana,38.9223003,16.5575815
Piazza Francesco Fiorentino,38.9042340,16.5966675
Piazza Fratelli Bandiera,38.9174483,16.5865209
Piazza Giacomo Matteotti,38.9102118,16.5876990
Piazza Giuseppe Falletti,38.8963114,16.5994229
Piazza Giuseppe Garibaldi,38.9089070,16.5890428
Piazza Montegrappa,38.9140788,16.5841477
Piazza Montenero,38.9161156,16.5845773
Piazza Roma,38.9035241,16.5949444
Piazza Stocco,38.9122982,16.5875674
Rampa Carbonai,38.9033673,16.5964514
Rotatoria Benito Gualtieri,38.9112252,16.5906347
Rotatoria Regione Calabria,38.8582060,16.5726692
Rotatoria Universita Magna Grecia Catanzaro,38.8637801,16.5670646
Rotonda Benito Gualtieri,38.9109740,16.5903624
Salita Giuseppe Mazzini,38.9057495,16.5931528
Salita I del Rosario,38.9051303,16.5933128
Salita II del Rosario,38.9046904,16.5933467
Salita Piazza Roma,38.9036198,16.5956168
Spiazzo Carbonai,38.9026875,16.5967789
SS106 var A,38.8554609,16.5755269
SS280 diramazione,38.8963868,16.5582334
Stazione di servizio Zerilli,38.8617936,16.5677343
Strada di servizio SP48,38.8433489,16.5841680
Strada provinciale 48,38.8928438,16.5563992
Strada Statale 106 Jonica,38.8431231,16.6494211
Strada Statale 106 Jonica Variante A,38.8582974,16.5836668
Strada statale 109 bis della Piccola Sila,38.9657348,16.5885363
Strada statale 280 dei Due Mari,38.8994831,16.5745406
Strada Statale Jonica,38.8424548,16.6484926
Stretto Cappuccini,38.9165496,16.5879792
Tangenziale Ovest,38.9360737,16.5800080
Traversa 2 Viale Europa,38.8453730,16.5839474
Traversa Alessandro Turco,38.9104750,16.5864903
Traversa Angioini,38.8890780,16.6037986
Traversa Antonino Panella,38.9161419,16.5840704
Traversa Antonio Purificato,38.9169629,16.5852119
Traversa Cassiodoro,38.8834252,16.6022319
Traversa della Stazione,38.8971087,16.5991389
Traversa Fiume,38.8184688,16.6106617
Traversa G. Fiore,38.9267233,16.5794086
Traversa III Crotone,38.8305533,16.6265158
Traversa II Montenero,38.9163882,16.5852175
Traversa Mario Greco,38.9172684,16.5868737
Traversa Pasquale Galluppi,38.9078145,16.5909538
Traversa Schipani,38.9170848,16.5878935
Traversa V Crotone,38.8315347,16.6268908
Traversa Viale Crotone,38.8233822,16.6191454
Traversa Viale Europa,38.8494388,16.5807433
Traversa VI Crtotone,38.8311157,16.6272135
Traversa VIII Crotone,38.8349485,16.6283357
Via A. Daniele,38.9155079,16.5880795
Via Agricoltori,38.9042364,16.5960215
Via Alberto Bedarida,38.8353155,16.6439321
Via Alcide De Gasperi,38.9163371,16.5876353
Via Aldo Barbaro,38.9155428,16.5833105
Via Alessandro Turco,38.9104983,16.5864198
Via Angelo Zavarroni,38.9270597,16.5795398
Via Anna Bona Barbieri,38.8328745,16.6303617
Via Antonia Casolini,38.8669384,16.6021032
Via Antonino Panella,38.9163134,16.5839747
Via Antonio Broussard,38.9161351,16.5869433
Via Antonio Gaber,38.8284147,16.6273127
Via Antonio Gramsci,38.9250652,16.5790965
Via Antonio Greco,38.9191590,16.5855086
Via Antonio Izzi de Falenta,38.8396170,16.6253265
Via Antonio Jerocades,38.9189648,16.5684305
Via Antonio Marincola Politi,38.9076419,16.5893887
Via Antonio Masciari,38.9012671,16.5939832
Via Antonio Menniti Ippolito,38.9062178,16.5917592
Via Antonio Pelaggi,38.9112859,16.5918486
Via Antonio Purificato,38.9165017,16.5850906
Via Antonio Serravalle,38.9070622,16.5923970
Via Asturaro,38.9069901,16.5931302
Via Azaria Tedeschi,38.9146567,16.5827952
Via Bainsizza,38.8667990,16.6016677
Via Bari,38.8248951,16.6211446
Via Barletta,38.8235337,16.6195163
Via Bausan,38.8194163,16.6126279
Via B. Chimirri,38.9127163,16.5817388
Via Biagio Miraglia,38.9096491,16.5693203
Via Bolano,38.9564983,16.5913782
Via Borrelli,38.9158630,16.5845535
Via Brigata Catanzaro,38.8427537,16.6072103
Via Brindisi,38.8254083,16.6213900
Via Brutium,38.8954030,16.6013902
Via Caduti Di Melissa,38.8705496,16.6140693
Via Cagliari,38.8312427,16.6337462
Via Caloprese,38.9148203,16.5685271
Via Calvario,38.8671578,16.6009345
Via Candela,38.9225373,16.5569827
Via Caprera,38.8302739,16.6286236
Via Carbonai,38.9031859,16.5963517
Via Carbone,38.9030552,16.5935548
Via Carlo Pisacane,38.8332814,16.6437414
Via Carlo V,38.9096646,16.5877831
Via Carmine Lidonnici,38.9143266,16.5816433
Via Catanzaro,38.8215624,16.6125908
Via Cesare Gironda Veraldi,38.9075812,16.5925618
Via Chiesa Matrice,38.9227005,16.5579422
Via Conti di Loritello,38.8796343,16.6068905
Via Conti Ruffo,38.8853122,16.6053424
Via Corace,38.8199913,16.6104884
Via Cortese Vinicio,38.9172183,16.5846906
Via Cosenza,38.8260556,16.6230287
Via Costa Leone Nobile,38.8900610,16.6266648
Via Cristoforo Colombo,38.8179228,16.6108813
Via C. Simonetta,38.9129775,16.5872993
Via da Falenta,38.8396693,16.6225752
Via Damiano Assanti,38.9074009,16.5910871
Via degli Angioini,38.8907801,16.6020054
Via degli Svevi,38.8938334,16.6049888
Via dei Cardatori,38.9092484,16.5924192
Via dei Conti Ruffo,38.8843795,16.6036941
Via dei Crociati,38.8241716,16.6203598
Via dei Garofani,38.9075708,16.6103170
Via dei Gelsomini,38.9208263,16.6017686
Via dei Navigatori,38.8279548,16.6265564
Via del Arcivescovado,38.9055911,16.5916077
Via del Commercio,38.8207280,16.6144814
Via della chiesa,38.8671535,16.6012069
Via della Lacina,38.8992107,16.6213285
Via della Stazione,38.8946604,16.5952921
Via delle Ginestre,38.9040979,16.6132624
Via delle Repubbliche Marinare,38.8255267,16.6219946
Via delle Tre Fontane,38.9236538,16.5988096
Via del Mare,38.8202275,16.6148565
Via del Progresso,38.8213470,16.6158291
Via Domenico Marincola Pistoia,38.8986654,16.5953894
Via Domenico Milelli,38.9086798,16.5932879
Via Domenico Romeo,38.9178517,16.5877164
Via Doria Andrea,38.8254808,16.6228736
Viadotto Fausto Bisantis,38.9068346,16.5847873
Via Edmondo Buccarelli,38.9148281,16.5868461
Via Educandato,38.9059013,16.5913628
Via Emilia Zinzi,38.8990488,16.5955530
Via Enrico De Seta,38.9221176,16.5588414
Via Enrico Mastracchi,38.9197619,16.5660679
Via Eraclea,38.8287668,16.6223780
Via Ercolino Scalfaro,38.9147894,16.5852199
Via Eroi 1799,38.9045475,16.5946965
Via Ettore Vitale,38.9324709,16.5803357
Via Eugenio De Riso,38.9135270,16.5908253
Via Fausto Squillace,38.9279444,16.5787328
Via Ferdinandea,38.9153080,16.5995842
Via Ferdinando Magellano,38.8286001,16.6252727
Via Filiberto Barreca,38.9167149,16.5848121
Via Filippo Smaldone,38.9198929,16.5592186
Via Fiume,38.8195499,16.6107684
Via Fiume Busento,38.8691514,16.6302338
Via Fiume Crati,38.8876956,16.6246615
Via Fiume Neto,38.8903015,16.6241632
Via Fiume Savuto,38.8898443,16.6233366
Via Fondacaro Vincenzo,38.8344168,16.6448666
Via Fontana Vecchia,38.9114691,16.5857862
Via Formia,38.8294441,16.6057127
Via Francesco Acri,38.9099799,16.5929897
Via Francesco Berardelli,38.9194937,16.5663477
Via Francesco Cilea,38.9020708,16.5974060
Via Francesco Crispi,38.9128055,16.5845090
Via Francesco De Seta,38.9020999,16.5964608
Via Francesco Fiorentino,38.9044654,16.5959579
Via Francesco Grano,38.8296601,16.6178436
Via Francesco Limonaca,38.9001071,16.5974142
Via Francesco Massara,38.8994148,16.5831613
Via Francesco Monaco,38.9100497,16.5885324
Via Francesco Paglia,38.9212738,16.5868434
Via Francesco Sofia Alessio,38.9192634,16.5667209
Via Francesco Spasari,38.9084602,16.5915159
Via Francois Lenormant,38.8340169,16.6375672
Via Fratelli Plutino,38.9180054,16.5885770
Via Gabriele Barrio,38.9055823,16.5820321
Via Gaele Covelli,38.8846007,16.6048445
Via Gaetano Alberti,38.9155060,16.5834035
Via Garibaldi Gariani,38.8997459,16.5982086
Via Gaspare Toraldo,38.8331039,16.6418969
Via Genova,38.8189572,16.6105136
Via Germaneto,38.8806938,16.5698274
Via Gioacchino Da Fiore,38.9053842,16.5813763
Via Giovanni caboto,38.8258742,16.6236420
Via Giovanni Da Verrazzano,38.8327737,16.6313557
Via Giovanni Falcone Paolo Borsellino,38.9108164,16.5878435
Via Giovanni Fiore,38.9260849,16.5798201
Via Giovanni Jannoni,38.9062639,16.5931638
Via Giovanni Vercelli,38.9127290,16.5868286
Via Giuditta Levato,38.8275616,16.6281281
Via Giuseppe Gangale,38.9123315,16.5914120
Via Giuseppe Poerio,38.9095289,16.5895760
Via Giuseppe Raffaelli,38.9082961,16.5921296
Via Giuseppe Schiavi,38.9168211,16.5833305
Via Giuseppe Sensales,38.9071647,16.5929895
Via G. Paparo,38.9113736,16.5877404
Via Gregorio Aracri,38.9593382,16.5886965
Via Gregorio Mattei,38.9200930,16.5848224
Via Guglia,38.8713995,16.6220028
Via Guglielmo Pepe,38.9037564,16.5908115
Via Guglielmo Ranieri,38.8664639,16.5999981
Via Guglielmo Sirleto,38.9154995,16.5704524
Via Guido Parentela,38.8819913,16.6074268
Via Ibico,38.9262870,16.5786707
Via Indipendenza,38.9120103,16.5869906
Via Italia,38.9059971,16.5936086
Via J. F. Kennedy,38.9115491,16.5883294
Via Latina,38.8300955,16.6085640
Viale Barlaam da Seminara,38.9063316,16.5727628
Viale Cassiodoro,38.8741519,16.6056546
Viale Crotone,38.8296266,16.6278867
Viale De Filippis,38.9030085,16.5848061
Viale dei Bizantini,38.8992066,16.5977511
Viale dei Conti Falluc,38.8771319,16.6008580
Viale dei Normanni,38.9040217,16.5963929
Viale dei Tulipani,38.9021284,16.6168359
Viale della Lacina,38.9079314,16.6022235
Viale Emilia,38.8436981,16.6491900
Viale Enrico Molè,38.8919171,16.5955557
Viale Europa,38.8333764,16.5927015
Viale Europa (Area Pip),38.8527577,16.5771474
Viale Ferdinando Galiani,38.9377838,16.5841665
Viale Fiume Busento,38.8745902,16.6282314
Viale fiume mesima,38.8980994,16.6165016
Viale Fiume Mesima,38.9013694,16.6181833
Viale Gaetano Argento,38.9117503,16.5881076
Viale Isonzo,38.8455326,16.6084236
Viale Lucrezia Della Valle,38.8802116,16.6037661
Viale Magna Grecia,38.8313984,16.6088318
Via Lenza,38.9205944,16.5680851
Viale Papa Pio X,38.9231840,16.5817637
Viale Pio X,38.9224997,16.5819499
Viale Tommaso Campanella,38.9054694,16.5788347
Viale Vincenzo De Filippis,38.9042061,16.5814632
Viale Vincenzo Gattoleo,38.9366631,16.5806693
Via L. Gallucci,38.9164330,16.5821624
Via Lipari,38.8278038,16.6277876
Via Livorno,38.8268887,16.6220592
Via Locri,38.8292941,16.6232144
Via Lombardia,38.8703073,16.6047619
Via Lorenzo Anania,38.8358688,16.6434796
Via L. Pascali,38.9147246,16.5893685
Via Lucrezia della Valle,38.8899852,16.5969268
Via Luigi Grimaldi,38.9002122,16.5941320
Via Luigi Lacquaniti,38.8350652,16.6447767
Via Luigi Lilio,38.8983039,16.5944994
Via Luigi Siciliani,38.8996574,16.5942126
Via Lungomare,38.8207021,16.6157822
Via Lungomare Stefano Pugliese,38.8252613,16.6264164
Via Maddalena,38.9044483,16.5911304
Via Madia Giovanbattista,38.8267192,16.6177822
Via Madonna dei cieli,38.9234364,16.5828161
Via Magenta,38.8459434,16.6042736
Via Marco Polo,38.8278482,16.6271585
Via Mario Greco,38.9138312,16.5866822
Via Mario Ridola,38.8930827,16.6065866
Via Marsala,38.8272423,16.6223380
Via Martiri di Cefalonia,38.8290584,16.6317788
Via Mattia Preti,38.8999720,16.5969708
Via Melito Porto Salvo,38.8263554,16.6193890
Via Mercato,38.8210656,16.6127382
Via Messina,38.8245450,16.6203844
Via Metaponto,38.8284632,16.6194920
Via Michele Maria Manfredi,38.8258328,16.6050660
Via Milano,38.9127022,16.5853865
Via Milazzo,38.8306750,16.6239614
Via M. Jannelli,38.9141350,16.5869840
Via Monsignor Armando Fares,38.8872664,16.5930617
Via Monsignor Fiorentini,38.9232358,16.5832597
Via Monte,38.9063081,16.5911044
Via Montecorvino,38.9065449,16.5945870
Via Napoli,38.8247778,16.6209805
Via Nazario Sauro,38.8201060,16.6127302
Via Nazionale,38.8205722,16.6099726
Via Niccoloso da Recco,38.8278766,16.6272167
Via Nicea,38.8202733,16.6145578
Via Nicola Misasi,38.9154763,16.5671856
Via Nicola Pizi,38.9139474,16.5831389
Via Nunzio Nasi,38.9158560,16.5854856
Via Nuova,38.9037328,16.5974900
Via Orfanotrofio,38.9039717,16.5967562
Via Orti,38.9209513,16.5627220
Via padre Francesco Antonio Caruso,38.8910380,16.6038764
Via Palermo,38.8293866,16.6236811
Via Pane Antonio,38.9224709,16.5620183
Via Paolo Orsi,38.8959480,16.5839690
Via Paolo Serrao,38.9025900,16.5976855
Via Passo dell'Agrifoglio,38.9134267,16.6023047
Via Piave,38.9139996,16.5853087
Via Pola,38.8205629,16.6146581
Via Pubblica Istruzione,38.9223732,16.5583370
Via Quattro Novembre,38.8668461,16.6020097
Via Raffaele Mottola d'Amato,38.9045421,16.5929306
Via Reggio Calabria,38.8196516,16.6132391
Via Regina Madre,38.9186998,16.5981113
Via Romagna,38.8696633,16.6107267
Via Rosario,38.9214906,16.5577335
Via Ruggero di Lauria,38.8249558,16.6214168
Via Rumbolo,38.8712186,16.6025066
Via Salerno,38.8207176,16.6068213
Via Salita Chiesa Matrice,38.9244624,16.5592200
Via San Francesco di Paola,38.9024332,16.5959390
Via San Giorgio,38.9091499,16.5895111
Via San Nicola,38.9086521,16.5908071
Via Santa Agostino,38.9104995,16.5924388
Via Santa Barbara,38.9030365,16.5958421
Via Santa Maria,38.8678730,16.6031547
Via Sant'Elena,38.8318667,16.6345033
Via Saverio de Fiore,38.8348155,16.6439168
Via Saverio Papandrea,38.9144479,16.5833796
Via Scalfaro,38.9069377,16.5911112
Via Schipani,38.9159454,16.5890547
Via Scuola Agraria,38.9179133,16.5812127
Via Sebenico,38.8191987,16.6104003
Via Sibari,38.8282527,16.6215451
Via Sila,38.9625202,16.5873861
Via Siracusa,38.8241368,16.6211651
Via Strada 13,38.8302701,16.6223471
Via Strada 28,38.8312644,16.6229379
Via Tagliamento,38.8549072,16.5758138
Via Tahon di Revel,38.8256810,16.6232776
Via Taranto,38.8294906,16.6202429
Via T. Gallo,38.8197821,16.6138074
Via Tommaso Campanella,38.9167233,16.5682207
Via Torrazzo,38.8210814,16.6129768
Via Trapani,38.9045375,16.5961790
Via Ugo Ortona,38.8814199,16.6104429
Via Vasco De Gama,38.8275584,16.6262080
Via V. Ciaccio,38.9088368,16.5914451
Via Venezia,38.8190654,16.6099382
Via Ventotto Ottobre,38.8673841,16.6025592
Via Vigliarolo Domenico,38.8362016,16.6446321
Via Vincenzangelo Cosco,38.9119032,16.5928070
Via Vincenzo Aloi,38.9061404,16.5753543
Via Vincenzo Bellini,38.9021733,16.5971310
Via Vincenzo D'Amato,38.9016998,16.5937273
Via Vincenzo de Grazia,38.9079968,16.5900272
Via Vincenzo Lauro,38.8328160,16.6313692
Via Vincenzo Vivaldi,38.9001492,16.5936710
Via Vittorio Veneto,38.9141740,16.5852083
Via V. Pugliese,38.9130211,16.5883806
Via XX Settembre,38.9047612,16.5922662
Via Zara,38.8198261,16.6133836
Via Zarapoti,38.8692664,16.5986518
Vico 1 Vincenzo de Grazia,38.9079363,16.5896120
Vico Alloncello,38.9220646,16.5582839
Vico Carbone,38.9029012,16.5937981
Vico Carmine,38.9041005,16.5963762
Vico chiuso Genova,38.8196411,16.6121924
Vico e Piazza Stazione,38.8968060,16.5994905
Vico Gaetano Argento,38.9120312,16.5913693
vico Grecia,38.9040450,16.5974928
Vico I Bellavista,38.9020132,16.5960219
Vico I Catalano,38.9059483,16.5929019
Vico I Cavour,38.9055296,16.5940500
Vico I della Stazione,38.8953894,16.5982219
Vico II Alessandro Turco,38.9110342,16.5862992
Vico II Bellavista,38.9020678,16.5963011
Vico II Cavour,38.9055976,16.5939786
Vico II della Stazione,38.8950832,16.5979877
Vico II Duomo,38.9060870,16.5918977
Vico III Bellavista,38.9020767,16.5964911
Vico III Catalano,38.9059385,16.5932526
Vico III della Stazione,38.8942349,16.5985405
Vico II Indipendenza,38.9114183,16.5869594
Vico III Piazza,38.9220815,16.5583482
Vico II Maddalena,38.9032884,16.5922789
Vico II Mario Greco,38.9164609,16.5861059
Vico I Indipendenza,38.9111903,16.5870724
Vico I Jannoni,38.9064904,16.5930752
Vico I Piazza Roma,38.9041872,16.5945838
Vico I San Francesco di Paola,38.9024095,16.5964218
Vico IV Bellavista,38.9021124,16.5966422
Vico IV Piazza,38.9218533,16.5584844
Vico IX Bellavista,38.9026504,16.5972754
Vicoletto Orfanotrofio,38.9040596,16.5966378
Vicolo I Bianco,38.9057591,16.5961588
Vico Monteecorvino,38.9066785,16.5935170
Vico Orti,38.9208268,16.5635136
Vico Primo Piazza,38.9222031,16.5591277
Vico Santa Barbara,38.9025984,16.5968535
vico Scalella,38.9036667,16.5968869
Vico Storto Bellavista,38.9022743,16.5967906
Vico V Bellavista,38.9020877,16.5968060
Vico VI Bellavista,38.9022776,16.5970080
Vico VII Bellavista,38.9024509,16.5972594
Vico VII Giuseppe Mazzini,38.9020177,16.5950128
Vico VIII Bellavista,38.9025144,16.5972869
Vico X Bellavista,38.9028325,16.5971225
Corso Vittorio Emanuele III,38.8382259,16.5186121
Strada Statale 106 Jonica Variante A,38.8466796,16.5725972
Autostrada del Mediterraneo,38.8561768,16.2706081
Cammino di Gioacchino da Fiore Lamezia Terme,38.9849732,16.3251075
Cammino di Gioacchino da Fiore Lamezia Terme Platania,38.9908470,16.3234337
Contrada Ficarella,38.8756535,16.2372751
Contrada Maruca,38.9328964,16.2257548
Contrada Muretto,38.9772631,16.2859781
Contrada Palazzo,38.9214350,16.2939945
Contrada Piombo,38.9578712,16.3480543
Contrada Risi,38.9213965,16.2431608
Corso della Repubblica,38.9686243,16.2815861
Corso Eroi di Sapri,38.9639210,16.2839258
Corso Giovanni Nicotera,38.9723273,16.3186899
Corso Giuseppe Garibaldi,38.9775465,16.3218674
Corso Numistrano,38.9765400,16.3212075
CORSO VITTORIO EMANUELE,38.9683470,16.2804826
Lamezia Ovest,38.9293137,16.2366098
Località Bellafemmina,38.9139337,16.2571459
Località Pullo,38.9129195,16.2647864
Lungomare Falcone e Borsellino,38.9194978,16.2194558
Lungomare Ginepri,38.9004578,16.2216298
parcheggio b&b magna grecia,38.9339037,16.2262708
Percorsi Mancuso,39.0144842,16.2184176
Percorso Mancuso,39.0125167,16.2221277
Piazza Botticelli,38.9666796,16.2819484
Piazza Carmine,38.9683254,16.2851433
Piazza della Repubblica,38.9702271,16.3156509
Piazza Diaz,38.9666646,16.2796961
Piazza Elvidio Borelli,38.9712162,16.3139502
Piazza Francesco Fiorentino,38.9667446,16.2832706
Piazza Giuseppe Garibaldi,38.9672028,16.2854788
Piazza Giuseppe Mazzini,38.9731746,16.3165356
Piazza Kennedy,38.9627871,16.2749400
Piazza Mercato Vecchio,38.9749314,16.3196055
Piazza Monsignor Pasquale Caputo,38.9709420,16.2817315
Piazza Porcelli,38.9720711,16.3164282
Piazza Roma,38.9735590,16.3063009
Piazza Rotonda,38.9725489,16.3171108
Piazzetta San Domenico,38.9747808,16.3190411
Piazzetta Santa Maria Maggiore,38.9729096,16.3155694
Ponte Amato,38.8947009,16.2792872
Ponte Lea Garofalo,38.9719136,16.3233325
Ponte Sant'Antonio,38.9744633,16.3210748
Salita Fratelli Maruca,38.9753346,16.3187086
San Minà-Acquafredda,38.9822086,16.2338486
"Strada interna lotto ""C""",38.9203366,16.2479599
Strada statale 280 dei Due Mari,38.9165376,16.2664696
Strada Statale Tirrena Inferiore,38.9118070,16.2551173
Stradina collegamento,39.0222068,16.2337935
Traversa I,38.9620377,16.2858092
Traversa II,38.9620995,16.2862571
Traversa II Via Guglielmo Marconi,38.9683334,16.3077051
Via 20 Settembre,38.9694056,16.3200142
Via 24 Maggio,38.9651719,16.2788485
Via 25 Aprile,38.9640308,16.2834060
Via Abruzzi,38.9723010,16.3067625
Via A. Costa,38.9625522,16.2840755
Via Adda,38.9705968,16.3173824
VIA ADDOLORATA,38.9708756,16.2811675
Via Adige,38.9717823,16.3197462
Via Aeroporto,38.9105320,16.2467361
Via Africa,38.9193099,16.2492961
Via Airone,38.9097814,16.2435551
Via Albert Einstein,38.9663753,16.2925879
Via Alcide De Gasperi,38.9688632,16.2816356
Via Aldo Moro,38.9684711,16.3121631
Via Aldo Peronaci,38.9652392,16.3218068
Via Alessandro Volta,38.9705208,16.3176087
Via Alida Nucifero,38.9252531,16.2397205
Via A. Marchetti,38.9112401,16.2462982
Via Amelia Colavita,38.9652979,16.2965678
VIA AMERIGO VESPUCCI,38.9702039,16.2817910
Via Andrea Mantegna,38.9546430,16.2823406
Via Angelina Romano,38.9684893,16.2845318
Via Antonello da Messina,38.9549091,16.2831627
Via Antonio Canova,38.9535514,16.2843203
Via Antonio Cappelli,38.9454458,16.2400495
Via Antonio De Curtis,38.9591291,16.3103520
Via Antonio D'Ippolito,38.9747505,16.3173808
VIA ANTONIO GRAMSCI,38.9630985,16.2844785
Via Antonio Misiani,38.9706690,16.3227630
Via Antonio Reillo,38.9554336,16.3007037
Via Antonio Urbano,38.9213793,16.2525371
Via Ariosto,38.9687610,16.2833712
Via Aristotele,38.9505389,16.3379888
Via Armando Scarpino,38.9574496,16.3284700
Via Asia,38.9184404,16.2486882
Via Aurelio Cassiodoro,38.9490326,16.3327467
Via Avvocato Luigi Cerminara,38.9700947,16.3146023
Via Badoglio,38.9618165,16.2849570
Via Basilicata,38.9726742,16.3078654
Via Battaglia di Maida,38.9317037,16.3209623
Via Battisti,38.9693440,16.2803680
Via Beato Angelico,38.9549824,16.2818753
Via Bellini,38.9685285,16.2821963
Via Benedetto Musolino,38.9732882,16.3119422
Via Berchet,38.9654240,16.2785622
Via Bezzecca,38.9608643,16.3214258
Via Bianco,38.9648305,16.2797054
Via Boccaccio,38.9689978,16.2855528
Via Bolzano,38.9649994,16.2819882
Via Borboni di Napoli,38.9670706,16.2662661
VIA BOSCO SANT'ANTONIO,38.9734861,16.3238133
Via Branta,38.9652003,16.2819366
Via Budera,38.9643250,16.2852676
Via Buonarroti,38.9649653,16.2893473
Via Buozzi,38.9652507,16.2771322
Via Busento,38.9643808,16.2818716
Via Cadore,38.9730333,16.3064705
Via Cagliari,38.9728240,16.3077637
Via Calabria,38.9728936,16.3086559
Via Calatafimi,38.9716636,16.3115917
Via Calvario,38.9783933,16.3190431
Via Campania,38.9732937,16.3067342
Via Caparello,38.9658668,16.2798286
Via Capitano Manfredi,38.9723239,16.3156627
Via Caravaggio,38.9668331,16.2813930
Via Cardinale G. Sirleto,38.9527837,16.3062743
Via Carlo Ardito,38.9721205,16.3157722
Via Carnia,38.9742691,16.3064940
VIA CATALDI GIÀ ANZARO,38.9671267,16.2766996
Via Cataldi Gia Anzaro Trav I,38.9681430,16.2738977
Via Catania,38.9263289,16.2260659
Via Caterina De Marco,38.9324529,16.2413605
Via Cavour,38.9689575,16.2799349
Via Cerasolo,38.9596333,16.2881372
Via C. Fiore,38.9655258,16.2844282
Via Cimabue,38.9537860,16.2850886
Via Cirillo,38.9688400,16.2855424
"VIA CITTADELLA,",38.9702684,16.2808150
Via Colelli,38.9690542,16.3212144
Via Colonnello Cassoli,38.9731352,16.3181998
VIA COLOSIMI,38.9743553,16.3173244
Via Conforti,38.9773662,16.3173378
Via Coschi,38.9549464,16.2852081
Via Crati,38.9698417,16.3186600
Via Cristoforo Colombo,38.9672985,16.3147792
Via Crocefisso,38.9743023,16.3203194
VIA CRUCICCHIA FIRRUZZA,38.9659044,16.2734607
Via Curtatone,38.9654429,16.2781361
Via Damiano Chiesa,38.9740191,16.3156168
Via D'Amico,38.9657718,16.2849167
Via Dante,38.9187847,16.2556737
Via Dario Leone,38.9606807,16.3418734
Via D'Audino,38.9657050,16.2793556
Via degli Apuli,38.9381010,16.3146642
Via degli Ausoni,38.9417916,16.2897404
Via degli Enotri,38.9536073,16.2998143
Via degli Equi,38.9483328,16.3071873
Via degli etruschi,38.9530875,16.3093612
Via degli Itali,38.9474752,16.3092073
Via degli Svevi,38.9472862,16.3050895
Via degli Uliveti,38.9431478,16.3011490
Via dei Bizantini,38.9414297,16.2945238
Via dei Brutii,38.9468258,16.3131945
Via dei Campioni,38.9685082,16.3209599
Via dei Cedri,38.9387506,16.3357703
Via dei Gelsi,38.9488449,16.3168799
Via dei Gelsomini,38.9637602,16.3257273
Via dei Gigli,38.9577082,16.3232884
Via dei Latini,38.9555472,16.3093313
Via dei Lecci,38.9347638,16.3357318
Via dei Marrucini,38.9382760,16.2972504
Via dei Mille,38.9714708,16.3127072
Via dei Morgeti,38.9523010,16.3169246
Via dei Patrioti Sambiasini,38.9646889,16.2894433
Via dei Pini,38.9563416,16.2891080
Via dei Romani,38.9590506,16.3148244
Via dei Sanniti,38.9542498,16.3083520
Via dei Sardi,38.9498013,16.3080656
Via dei Taurini,38.9423915,16.3042305
Via dei Tigli,38.9518228,16.3203610
Via D'Elia,38.9693235,16.2791637
Via della Madonna del Carmine,38.9671753,16.2840511
Via della Pace,38.9676408,16.2805654
Via della Vittoria,38.9673389,16.3223520
Via delle Ginestre,38.9606723,16.3264930
Via delle imprese,38.9460820,16.3267288
Via delle Nazioni,38.9173333,16.2548200
Via delle Palme,38.9486304,16.3189354
Via Delle Rose,38.9445321,16.2751603
Via delle Terme,38.9602255,16.2672021
Via delle Viole,38.9572874,16.3249664
Via del Mare,38.9228269,16.2486537
Via del Progresso,38.9198688,16.3334658
Via De Pretis,38.9662757,16.2826200
Via Di Fiore,38.9663994,16.2903958
Via Di Vittorio,38.9656394,16.2772803
Via Domenico Paladino,38.9572373,16.3045704
Via Domenico Pocrhio,38.9698640,16.2813212
Via Don Sturzo,38.9637176,16.2846921
Via Duca d'Aosta,38.9711488,16.3118137
Via Duca di Genova,38.9687708,16.2828921
Via Edison,38.9678174,16.3032041
Via E. D. Nicotera,38.9672260,16.2851869
Via Edoardo e Felice Fiore,38.9154888,16.2533266
Via Edoardo Segni,38.9652956,16.3201282
Via E. Filiberto,38.9695682,16.2826108
Via Einaudi,38.9621525,16.2852324
Via Emanuele Grande,38.9737201,16.3189991
Via Emilia,38.9739606,16.3069260
Via Emilio La Scala,38.9384047,16.3336764
Via Emilio Lussu,38.9611265,16.3080181
Via Enrico Berlinguer,38.9650082,16.3172931
Via Enrico Borrello,38.9650915,16.2852432
Via Enrico De Nicola,38.9648353,16.3188458
Via Enrico Fermi,38.9707617,16.3147235
Via Enrico Toti,38.9748175,16.3151461
Via Eroi di Sapri,38.9664945,16.2832546
Via Eugenio Montale,38.9215591,16.2499437
Via Fabio Filzi,38.9737183,16.3143737
Via F. Cupiraggi,38.9667784,16.2804929
Via Federico Montesanti,38.9372109,16.3249493
Via Federico Nicotera,38.9687858,16.3163747
Via Felice Montesanti,38.9424111,16.3258964
Via Felice Scalzo,38.9323282,16.3375730
Via Fermo,38.9613435,16.3207333
Via Ferruccio,38.9689110,16.2823487
Via Fidia,38.9622772,16.2790722
Via Filippo Corridoni,38.9738560,16.3156123
Via Filippo Turati,38.9727459,16.3168955
Via Fiorentino,38.9676646,16.2826520
Via Firenze,38.9661999,16.2837594
Via F.lli Cervi,38.9650466,16.2772388
Via F.lli Wright,38.9110776,16.2473681
Via Fortina,38.9715014,16.3169773
Via Fosse Ardeatine,38.9662624,16.2806298
Via Francesco Cilea,38.9572916,16.2853391
Via Francesco Costabile,38.9644532,16.2821244
Via Francesco Jerace,38.9620371,16.2792795
Via Francesco Rismondi,38.9741355,16.3147187
Via Francesco Tramonte e Pasquale Cristiano,38.9740233,16.3089994
Via Franco Ferlaino,38.9756147,16.3134392
Via Fratelli Ponzio,38.9719103,16.3170369
Via frate Nicola da Sambiase,38.9663501,16.2883436
Via Friuli,38.9734284,16.3053507
Via Funaro,38.9642323,16.2855310
Via Gaileri,38.9205798,16.2541383
Via Galati,38.9644138,16.2791957
Via Galliano,38.9689774,16.2820766
Via Galluppi,38.9688329,16.2838164
Via G. B. Caproni,38.9110973,16.2469913
Via Generale Carlo Alberto Dalla Chiesa,38.9664704,16.3170158
Via Genovese,38.9664095,16.2897100
Via Gesualdo Scardamaglia,38.9654241,16.3140439
VIA GIACOMO LEOPARDI,38.9678270,16.2845603
Via Gino Guglietta,38.9104945,16.2429822
Via Gioacchino da Fiore,38.9705351,16.3051279
Via Gioacchino Murat,38.9590917,16.3197930
Via Giordano Bruno,38.9686765,16.2837654
Via Giorgio La Pira,38.9605981,16.3136484
Via Giorgio Pinna,38.9163722,16.2543547
Via Giosuè Carducci,38.9742285,16.3187248
Via Giovan Battista Parracocchia,38.9536413,16.3032063
Via Giovanni Amendola,38.9566744,16.3100783
Via Giovanni Berchet,38.9611859,16.2657984
Via Giovanni De Sensi,38.9625013,16.2957497
Via Giovanni Giolitti,38.9605076,16.3213452
Via Giovanni Gronchi,38.9626025,16.3189817
Via Giovanni Pascoli,38.9647597,16.2829649
Via Giovanni XXII,38.9208302,16.2516558
Via Giovanni XXIII,38.9187484,16.2555397
Via Giulia,38.9746187,16.3064991
Via Giuseppe e Pasquale Porchia,38.9682705,16.2784219
Via Giuseppe Tomaino,38.9698245,16.3111821
Via Giustiniano Porchio,38.9627966,16.2815636
VIA GIUSTINIANO PORCHIO,38.9628249,16.2797920
Via Giustino Fortunato,38.9611388,16.3326152
Via Goffredo Malaterra,38.9646602,16.3206046
Via Goito,38.9616441,16.3209811
Via Gorizia,38.9660763,16.2823993
Via Grazia Deledda,38.9626283,16.2874454
Via Grimaldi,38.9687091,16.2837139
Via G. Saladini,38.9726926,16.3060259
Via Guglielmo Marconi,38.9678046,16.3021348
Via Guido Dorso,38.9576582,16.3350524
Via G. Vescio,38.9667792,16.3005470
Via Ibis,38.9105840,16.2481886
Via Indipendenza,38.9722447,16.3228024
Via Isaac Newton,38.9665806,16.3056122
Via Isonzo,38.9740396,16.3197399
Via Italo Galli,38.9725963,16.3192607
Via Jean Henri Dunant,38.9543091,16.3031660
Via La Marmora,38.9690680,16.2857700
Via Lazio,38.9731879,16.3078150
Viale della Libertà,38.9657368,16.2796226
Viale Europa,38.9195250,16.2516606
Viale Fortunato D'Amico,38.9113587,16.2510886
Via Lenormant,38.9670284,16.3237045
Via Leonardo da Vinci,38.9673474,16.3193117
Viale Placido Rizzotto,38.9548000,16.3258257
Viale Primo Maggio,38.9720956,16.3205391
Viale Primo Maggio IV Traversa,38.9718012,16.3209440
Viale Re di Puglia,38.9662591,16.2799016
VIALE RE DI PUGLIA,38.9659629,16.2804142
Viale Rodolfo Imbrogno,38.9099630,16.2457474
Viale Salvemini,38.9645282,16.2723345
Viale San Bruno,38.9413887,16.2527436
Via Lipari,38.9719642,16.3080814
Via Lorenzo Calogero,38.9208291,16.2480967
Via Loriedo,38.9726863,16.3179992
Via Luigi di Sarro,38.9699545,16.3079712
Via Luigi Galvani,38.9698875,16.3146495
Via Luigi Longo,38.9612734,16.3109856
Via Luigi Pirandello,38.9632737,16.2873818
Via Lupia,38.9733717,16.3073914
Via Madonna della Spina,38.9766936,16.3077217
Via Madre Teresa di Calcutta,38.9515172,16.2988585
VIA MAGENTA,38.9670243,16.2845933
Via Magna Grecia,38.9551857,16.3081740
Via Majorana,38.9640147,16.2872227
VIA MANZONI,38.9672433,16.2844842
Via Marche,38.9727173,16.3068573
Via Mario Paola,38.9743209,16.3167475
VIA MARTIRI DI NASSIRIYA,38.9617992,16.2759343
Via Marzabotto,38.9648567,16.2770158
Via Matarazzo,38.9673617,16.2840474
Via Matteotti,38.9678526,16.2831467
Via Mazzini,38.9683829,16.2862437
Via Medaglie d'Oro,38.9622421,16.2853014
Via Messina,38.9268499,16.2263259
Via Michelangelo,38.9696827,16.3172382
Via Michele Nicotera,38.9615146,16.2812150
Via Milano,38.9673005,16.2863354
Via Milazzo,38.9625583,16.3206841
Via Milite Ignoto,38.9749566,16.3153441
Via Mirella Staglianò,38.9484363,16.2904934
Via Molise,38.9737712,16.3069472
Via Monsignor Azio Davoli,38.9681219,16.3273806
Via Monsignor Francesco Maiolo,38.9704775,16.3090098
Via Monsignor Luigi Costanzo,38.9667584,16.2870319
Via Monsignor Saverio Gatti,38.9709757,16.3079762
Via Montebello,38.9601841,16.3212877
Via Montello,38.9209488,16.2533430
Via Montelungo,38.9725428,16.3170808
Via Napoleone Ruperto Bruno,38.9520897,16.2881217
Via Nazario Sauro,38.9737954,16.3158655
Via Nicola Nicotera,38.9661426,16.3226135
VIA NOBILE,38.9674420,16.2845094
Via Oberdan,38.9734862,16.3160320
Via Ocinaro,38.9721127,16.3091427
Via Oslavia,38.9664917,16.2819429
Via Osvaldo Cerminara,38.9411051,16.3363911
Via Pablo Neruda,38.9217911,16.2492393
Via Padre Allevato,38.9671984,16.2872769
Via padre Antonio da Olivadi,38.9672159,16.2876271
VIA PADRE GIOVANNI VERCILLO,38.9665755,16.2777218
Via Padre Iannazzo,38.9675963,16.2882527
Via Padre Ilarone da Feroleto Antico,38.9666508,16.2871109
Via Padre Longo,38.9671304,16.2864378
Via Padre Michele da Sambiase,38.9671534,16.2874581
VIA PADRE PIO DA PIETRALCINA,38.9735529,16.3227986
Via Padre Trombetta,38.9670271,16.2869507
Via Palermo,38.9642899,16.2823503
VIA PALESTRO,38.9670031,16.2844982
Via Palmiro Togliatti,38.9669020,16.2823535
Via Pane,38.9616152,16.2855693
Via Papa Innocenzo IX,38.9697160,16.3067449
Via Papa Marcello II,38.9686703,16.3073058
Via Partenope,38.9687309,16.2852151
Via Pasquale Celli,38.9753810,16.3190479
Via Petrarca,38.9681936,16.2818913
Via Piave,38.9711544,16.3183253
Via Piersanti Mattarella,38.9664082,16.3122008
Via Pietro Mancini,38.9359621,16.3350292
Via Pietro Marasco,38.9622167,16.2870120
Via Pietro Mascagni,38.9560867,16.2831087
Via Pietro Nenni,38.9646644,16.3202559
Via Piro,38.9663114,16.3039030
Via Pisanelli,38.9682559,16.2857196
Via Pitagora,38.9651444,16.2979861
Via Po,38.9719947,16.3182750
Via Poerio,38.9687322,16.2848966
Via Positano,38.9260704,16.2260088
Via Prunia,38.9643593,16.2862748
VIA PRUNIA,38.9625738,16.2865144
Via Publio Virgilio Marone,38.9192709,16.2563790
Via Puglie,38.9725651,16.3068555
Via Raffaele Cuparo,38.9544012,16.3026961
Via Raffaele Teti,38.9364195,16.3300934
Via Razionale,38.9657847,16.3122822
Via Reggio Calabria,38.9688376,16.2861232
Via Regina Elena,38.9656398,16.2822953
Via Regina Margherita,38.9658822,16.2827368
Via Renda,38.9693519,16.2809193
Via Reno,38.9696867,16.3196311
Via Riccardo Lombardi,38.9635239,16.3129985
Via Rinaldo Miceli,38.9249854,16.2221422
Via Roberta Lanzino,38.9559126,16.3278475
Via Roberto il Guiscardo,38.9488691,16.3287620
Via Rocco Scotellaro,38.9210226,16.2506559
Via Roma,38.9671455,16.2848482
Via Rubino,38.9645982,16.2854624
Via Ruggero D'Altavilla,38.9553412,16.3278059
Via Salerno,38.9233707,16.2217343
Via Salvatore Fimiani,38.9402590,16.3323020
Via Salvatore Foderaro,38.9519994,16.3118768
Via Salvatore Gasperoni,38.9282350,16.3366150
Via Salvatore Miceli,38.9697091,16.3115434
Via Salvatore Scillìa,38.9542807,16.3018710
Via Salvator Rosa,38.9680779,16.2801574
Via San Domenico,38.9736494,16.3188158
Via Sandro Pertini,38.9605893,16.2823698
Via San Francesco,38.9758072,16.3177143
Via San Giovanni,38.9752476,16.3206449
Via San Rocco,38.9664688,16.2805948
Via Santa Bernadette,38.9671539,16.3165106
Via Santa Maria Delle Grazie,38.9735170,16.3055373
Via Santa Maria Maggiore,38.9731399,16.3148432
Via Sant'Umile da Bisignano,38.9630987,16.2925335
Via Saragat,38.9642409,16.3161634
Via Sardegna,38.9730456,16.3078183
Via Saverio D'Ippolito,38.9571647,16.3023116
Via Savutano,38.9607268,16.2864564
Via Scaramuzzino,38.9707968,16.3172114
Via Scirò,38.9695566,16.3045825
Via Sebastiano Guzzi,38.9696318,16.3091851
Via Sele,38.9706494,16.3184697
Via Senatore Arturo Perugini,38.9591018,16.3043757
Via Settembrini,38.9647279,16.2832098
Via S. Giusto,38.9648459,16.2823121
Via Signorelli,38.9641359,16.2747875
Via Sinopoli,38.9667911,16.2845577
Via S. Michele,38.9654479,16.2798166
Via Sposato,38.9655147,16.2827023
Via Stocco,38.9690284,16.2827028
Via Tagliamento,38.9691111,16.3197682
Via Talete,38.9661981,16.3007320
Via Tasso,38.9684231,16.2857715
Via T. Campanella,38.9685086,16.2837333
Via Telesio,38.9653408,16.2825856
Via Terina,38.9719689,16.3107648
Via Tevere,38.9726603,16.3192188
Via Ticino,38.9731025,16.3197018
Via Timavo,38.9676554,16.3214115
Via Tommaseo,38.9693435,16.2826611
Via Tommaso Fusco,38.9692044,16.3223813
VIA TORINO,38.9676360,16.2845273
Via Toscana,38.9732559,16.3064120
Via Trento,38.9716058,16.3153514
Via Trieste,38.9727021,16.3158796
Via Tropea,38.9271863,16.2247479
Via Tucano,38.9099022,16.2471946
Via Turco,38.9644392,16.2857279
Via Ugo Foscolo,38.9179178,16.2559445
Via Ugo La Malfa,38.9615825,16.3129558
Via Umberto Boccioni,38.9152681,16.2506854
Via Umbria,38.9729064,16.3060235
Via Vega,38.9098620,16.2445148
Via Verdi,38.9683898,16.2795365
Via Vescio,38.9667274,16.2903512
Via Vignola Statti,38.9722447,16.3239357
Via Vincenzo Bilotta,38.9562169,16.2795558
Via Vincenzo De Filippis,38.9647336,16.3235459
Via Vincenzo Smirne,38.9399861,16.3278319
Via Vinicio Cortese,38.9583160,16.3130579
Via Vittorio Bachelet,38.9667514,16.3152119
Via Vittorio Tucci,38.9539254,16.3028704
Via Zaleuco di Locri,38.9564461,16.3292734
Via Zara,38.9645808,16.2818539
Via Zuccherificio,38.9195078,16.2568902
Via Zupello,38.9153395,16.2570359
Vico Bernardi,38.9692343,16.2846621
VICO CARCERI,38.9753214,16.3171279
Vico I Cavour,38.9688605,16.2803713
Vico I Ferruccio,38.9684707,16.2824647
Vico I Fiorentino,38.9678577,16.2823633
Vico IIC avour,38.9688750,16.2800669
Vico II Ferruccio,38.9686969,16.2822785
Vico III Cafaldo,38.9692572,16.2854239
Vico III Cavour,38.9691906,16.2794920
Vico III Ferruccio,38.9686419,16.2825658
Vico II Poerio,38.9694571,16.2830659
Vico II Repubblica,38.9688431,16.2813407
Vico I Partenope,38.9689159,16.2852056
Vico I Poerio,38.9694754,16.2828876
Vico I Repubblica,38.9686413,16.2812592
Vico IV Cavour,38.9689167,16.2794000
Vico San Francesco,38.9750033,16.3168101
Vico Tre Ponti,38.9695952,16.2822597
Vico V Cavour,38.9689219,16.2791432
Vico VI Cavour,38.9693714,16.2789455
Vico Vittorio Emanuele,38.9679002,16.2805057
Contrada Calamizzi,38.8797596,16.4045249
Contrada Carrà,38.8757041,16.4772105
Contrada Feudo,38.8830603,16.4048869
Contrada Mastro Marco,38.8909833,16.4069384
Corso Garibaldi,38.8579632,16.3647620
Piazza Vittorio Emanuele III,38.8885954,16.4070278
Ponte Rotto,38.9021831,16.3888655
Strada statale 280 dei Due Mari,38.9098367,16.4279422
Via Aldo Moro,38.8891130,16.4053639
Via Berlinguer,38.8847229,16.4123709
Via Calvario,38.8850443,16.4118755
Via Capitano Boca,38.8877708,16.4065264
Via Corrado Alvaro,38.8882610,16.4070479
Via F. Cilea,38.8889413,16.4060581
Via G. Amendola,38.8866042,16.4071993
Via G. Guzzo,38.8882416,16.4075725
Via Giacomo Matteotti,38.8900495,16.4062555
Via Giorgio Castriota Scanderbeg,38.8903597,16.4060483
Via Girolamo De Rada,38.8893900,16.4064490
Viale 1° Maggio,38.8843266,16.4145488
Via Madonna di Bellacava,38.8975715,16.3919327
Via Mattia Preti,38.8884805,16.4080729
Via Petrilla,38.8880018,16.4061504
Via Sant'Andrea,38.8886952,16.4061198
Via Umberto 1°,38.8895789,16.4062750
Via Vittorio Emanuele II,38.8583678,16.3642017
Via XXV Aprile,38.8836227,16.4155167
Vico 1° Calvario,38.8847964,16.4111955
Vico 2° Calvario,38.8844593,16.4118359
Vico I Capitano Boca,38.8880795,16.4066207
Vico II Capitano Boca,38.8882203,16.4066253
Vico III Mattia Preti,38.8887016,16.4076641
Vico III Umberto 1°,38.8884082,16.4061461
Vico II Mattia Preti,38.8886812,16.4082732
Vico II Umberto 1°,38.8882495,16.4062106
Vico I Mattia Preti,38.8884445,16.4084235
Vico I Scanderbeg,38.8890227,16.4071407
Vico I Umberto 1°,38.8881498,16.4063698
Vico IV Mattia Preti,38.8894664,16.4071992
Vico IV Umberto 1°,38.8885334,16.4060920
Vico VII Umberto 1°,38.8886415,16.4066009
Vico VI Umberto 1°,38.8884945,16.4065928
Vico V Umberto 1°,38.8889214,16.4059815
SS106 var A,38.8659219,16.6662911
Strada Statale 106 Jonica,38.8811499,16.7090759
Strada Statale 106 Jonica Variante A,38.8654261,16.6642923
Contrada Carrà,38.8757041,16.4772105
Dei due mari,38.9115846,16.4973496
Strada statale 280 dei Due Mari,38.9083739,16.5036470
Via Roma,38.9154797,16.5137085
Via Vittorio Emanuele III,38.9134436,16.5144741
Località Sena San Vincenzo,38.9090473,16.7858162
Strada Statale 106 Jonica,38.8811499,16.7090759
Via della Pineta,38.9021696,16.7885501
Via delle Palme,38.9031519,16.7825139
Via Fratto,38.9068133,16.7456992
Via Grandine,38.8939267,16.7243236
Viale Carraro,38.9130168,16.8036073
Via Mercato,38.9034752,16.7460884
Strada statale 280 dei Due Mari,38.9157509,16.4894914
Bivio Malaspina,38.9323459,16.3432060
Piazza Don Giulio Fazio,38.9623081,16.3883250
Piazza Francesco Mangani,38.9610655,16.3884706
Piazza Municipio,38.9620078,16.3882548
Salita Cosentini,38.9616804,16.3877215
Strada statale 280 dei Due Mari,38.9037030,16.3585339
Via 24 Maggio,38.9614339,16.3884286
Via 25 Luglio,38.9632409,16.3876923
Via 28 Ottobre,38.9603686,16.3887107
Via 4 Novembre,38.9609564,16.3883553
Via Alessandro Magno,38.9747852,16.3759702
Via Calderone,38.9608078,16.3882039
Via Castello,38.9637439,16.3885838
Via Chiatrello,38.9344696,16.3594170
Via del Progresso,38.9198688,16.3334658
Via Felice Scalzo,38.9323282,16.3375730
Via Francesco Petrarca,38.9621143,16.3644305
Via Generale Stocco,38.9614730,16.3881615
Via Giacomo Leopardi,38.9618245,16.3636149
Via Grimaldi,38.9613111,16.3886092
Via Isonzo,38.9626265,16.3880687
Viale Santuario di Dipodi,38.9301398,16.3515276
Viale Santuario di Dipodi Traversa 5,38.9302706,16.3521706
Viale Santuario di Dipodi Traversa 7,38.9318842,16.3510803
Viale Stazione,38.9384490,16.3667164
Via Madonna di Fatima,38.9559595,16.3836933
Via Masserie,38.9408556,16.3668830
Via Melìa,38.9341690,16.3591364
Via Monsignor Azio Davoli,38.9500631,16.3357466
Via Napoleone Bonaparte,38.9742536,16.3756580
Via Piave,38.9618331,16.3869905
Via Ponte,38.9613167,16.3876475
Via Provinciale,38.9746423,16.3744781
Via Roma,38.9616126,16.3879796
Via San Filippo,38.9563414,16.3923129
Via San Giuseppe,38.9567598,16.3825895
Via Scalo Ferroviario,38.9402003,16.3657701
Via Trento,38.9619033,16.3879274
Via Ugo Foscolo,38.9602900,16.3637240
Via Valleoscura,38.9621777,16.3881839
Vico III Leopardi,38.9622989,16.3621567
Vico II Leopardi,38.9615670,16.3619616
Vico I Leopardi,38.9612451,16.3624675
Vico IV Leopardi,38.9623403,16.3616777
Vico VII Leopardi,38.9622231,16.3601950
Vico VI Leopardi,38.9625511,16.3611926
Vico V Leopardi,38.9626616,16.3616083
Contrada Gabella,38.9490618,16.4077190
Contrada Pantanelle,38.9363425,16.4064007
Contrada Papà,38.9175620,16.3713271
Contrada Passeggeri,38.9365018,16.3775875
Contrada Rizzuto,38.9088428,16.3831023
Contrada Spranico,38.9352885,16.3717300
Piazza Carlo Alberto Dalla Chiesa,38.9537282,16.3903555
Piazza Giacomo Matteotti,38.9523305,16.3888233
Ponte Rotto,38.9030759,16.3886978
Strada statale 280 dei Due Mari,38.9037030,16.3585339
Via Addolorata,38.9525142,16.3870897
Via Alcide De Gasperi,38.9524845,16.3897104
Via Aldo Moro,38.9526328,16.3901472
Via Alemanni,38.9548251,16.3901544
Via Alessandro Manzoni,38.9525366,16.3883234
Via Altiero Spinelli,38.9424807,16.3821534
Via Antonio Raffaele Talarico,38.9480084,16.3847123
Via Aversa e Precenzano,38.9467194,16.3837771
Via Bellini,38.9540286,16.3892551
Via Bruno Caccia,38.9384161,16.3785894
Via Cairoli,38.9537531,16.3874538
Via Canne,38.9541218,16.3917932
Via Carducci,38.9533344,16.3890771
Via Cosentini,38.9519612,16.3868348
Via Dante Alighieri,38.9556937,16.3898216
Via Donald Mackay,38.9477124,16.3850787
Via Europa,38.9533903,16.3909881
Via Ezio Tarantelli,38.9527645,16.3898643
Via Foria,38.9562122,16.3888267
Via Francesco Ferlaino,38.9396661,16.3781447
Via Francesco Ventura,38.9400809,16.3790670
Via Fratelli Bandiera,38.9533004,16.3872048
Via Garibaldi,38.9534382,16.3882519
Via Gianluca Congiusta,38.9500865,16.3869105
Via Giovanni Losardo,38.9397075,16.3779002
Via Giovanni Mileto,38.9392566,16.3788043
Via Giovanni Ventra,38.9486120,16.3844472
Via Giuseppe Marino,38.9497341,16.3870764
Via Giuseppe Valarioti,38.9387811,16.3793744
Via Gramsci,38.9556261,16.3908415
Via Indipendenza,38.9534967,16.3891716
Viale Enrico Berlinguer,38.9456783,16.3812189
Via Leopardi,38.9535331,16.3892891
Via Libero Grassi,38.9525506,16.3912802
Via Livatino,38.9541627,16.3903144
Via Maggior Toselli,38.9543190,16.3888501
Via Marconi,38.9538967,16.3889866
Via Margherita,38.9534280,16.3874419
Via Mazzini,38.9514064,16.3875272
Via Monsignor Romero,38.9403063,16.3797212
Via Nenni,38.9522986,16.3892197
Via Palmiro Togliatti,38.9519894,16.3885234
Via Papa Giovanni XXIII,38.9512545,16.3905246
Via Pio La Torre,38.9488531,16.3867713
Via Roma,38.9515473,16.3869998
Via Rossini,38.9529511,16.3874340
Via Ruffilli,38.9486624,16.3860576
Via San Biagio,38.9540688,16.3889389
Via Sandro Pertini,38.9550245,16.3899819
Via San Filippo,38.9560763,16.3894151
Via San Francesco,38.9547028,16.3881311
Via Scopelliti,38.9509698,16.3888621
Via Sergio Cosmai,38.9392902,16.3790237
Via Stella,38.9548683,16.3894241
Via Umberto I,38.9531820,16.3887769
Via Vittime di Nassiriya,38.9505446,16.3887503
Via Walter Tobagi,38.9472466,16.3860599
Via XX Settembre,38.9542165,16.3877120
Vico Equense,38.9538587,16.3878988
Vico Municipio,38.9536808,16.3892680
Vico San Tommaso,38.9538728,16.3884329
Salita Vittorio Emanuele III,38.9682430,16.7821030
Strada Statale 106 Jonica,38.9204740,16.7996781
Via Falaminia,38.9209040,16.8088388
Viale Carraro,38.9130168,16.8036073
Viale Venezia,38.9137024,16.8083978
Via Tirana,38.9194482,16.8074369
Strada Statale 106 Jonica,38.9363644,16.8705680
SS 109,39.0497667,16.7611288
Strada Statale 106 Jonica,38.9431893,16.9076318
Corso Giuseppe Garibaldi,38.9487285,16.5100550
Località Corbezzano,38.9471524,16.4993177
Piazza 4 Novembre,38.9499457,16.5115678
SS280 diramazione,38.8947372,16.5559675
Strada statale 280 dei Due Mari,38.8949684,16.5437855
Via Achille Grandi,38.9440885,16.5087118
Via Camillo Benso di Cavour,38.9484200,16.5073783
Via Castello,38.9494765,16.5079309
Via Cigala,38.9467530,16.5080995
Via Cuture,38.9513810,16.5105452
Via dei Due Mari,38.9514619,16.5049543
Via della Piazza,38.9497469,16.5083026
Via Epitaffio,38.9501657,16.5109725
Via Giacomo Brodolini,38.9417795,16.5096224
Via Gimigliano,38.9479982,16.5125538
Via Giuseppe Di Vittorio,38.9420852,16.5092138
Via Henry Dunant,38.9441057,16.5082890
Via Indipendenza,38.9498581,16.5090224
Viale dei Mille,38.9521915,16.5114971
Viale Giuseppe Mazzini,38.9425887,16.5103588
Viale Pitagora,38.9450867,16.5084710
Via Luigi Gagliano,38.9498085,16.5107005
Via Luigi Settembrini,38.9438631,16.5089020
Via Magna Grecia,38.9432060,16.5073943
Via Marco Cardisco,38.9427398,16.5092990
Via Monte,38.9499258,16.5138268
Via Orto Monaci,38.9479156,16.5097236
Via Roma,38.9497598,16.5107940
Via Sant'Antonio,38.9497590,16.5088364
Via Seggio,38.9490624,16.5078424
Via Tommaso Campanella,38.9372741,16.5132136
Via Trieste,38.9488123,16.5086764
Via Valle Oscura,38.9499194,16.5080429
Via Vincenzo De Filippis,38.9481819,16.5085940
Vico III Luigi Gagliano,38.9499799,16.5106903
Vico I Piazza,38.9494855,16.5083741
Cascata del Crocchio,39.0214692,16.7306314
Località Sena San Vincenzo,38.9090473,16.7858162
Monastero santi tre Fanciulli,39.0056156,16.7109958
Salita Camillo Benso di Cavour,39.0117572,16.7250938
Salita via Aventino,39.0120769,16.7256312
Sentiero Cascata Rupe e Salice,39.0106087,16.6872809
Sentiero per Cascata dell'Inferno,38.9969781,16.6995160
Sentiero per le valli cupe,38.9724780,16.7346402
Sentiero per le Valli cupe,38.9766846,16.7330256
SS 109,39.0497667,16.7611288
Strada Statale 106 Jonica,38.9125926,16.7798051
Traversa I Via Borelli,39.0082884,16.7301151
Via Antonino Greco,39.0110363,16.7230162
Via Atalarico,39.0125422,16.7252230
Via Bellavista,39.0119485,16.7326020
Via Cantù,39.0123066,16.7248385
Via Capodimonte,39.0166770,16.7195603
"Via Carmela Borelli, Traversa III",39.0070084,16.7301972
Via Carmela Borelli,39.0077802,16.7290872
Via Cirillo,39.0123524,16.7253595
Via Crozze,39.0008551,16.7310126
Via Fontana,39.0123301,16.7273741
Via Giacomo Matteotti,39.0170315,16.7335318
Via Giulia,39.0124360,16.7253012
Via Guglielmo Marconi,39.0121034,16.7220108
Via Indipendenza,39.0101896,16.7279540
Via Laco,39.0084225,16.7263021
Via Michele Bianchi,39.0112074,16.7266200
Via Misericordia,39.0141075,16.7196048
Via Ponte,39.0102241,16.7293094
Via Roma,39.0120673,16.7263432
Via Sila,39.0070391,16.7370688
Via Tre Fontane,39.0139569,16.7250354
Via Vincenzo Scalise,39.0121969,16.7284215
Via Vincenzo Scalisi,39.0153294,16.7264735
Via Vincenzo Scalisi I° Traversa,39.0158496,16.7262829
Vico Capodimonte,39.0143837,16.7248924
Vico II Via Cavour,39.0123690,16.7230058
Vico II Via Iuliucci,39.0031882,16.7263571
Vico I Via De Seta,39.0112175,16.7257896
Corso Vittorio Emanuele III,38.9709478,16.5243084
Via Portabella,38.9819274,16.6295390
Cascatea Campanaro,39.0168556,16.6851887
Sentiero Cascata Inferno,38.9882930,16.6967489
Sentiero Cascata Rupe e Salice,39.0106087,16.6872809
Sentiero Monolito del Misorbo,39.0055920,16.6824523
Sentiero per Cascata dell'Inferno,38.9969781,16.6995160
Via della Canonica,38.9997747,16.6589065
Via Principe Umberto,38.9997222,16.6617609
Strada statale 109 bis della Piccola Sila,38.9657348,16.5885363
Contrada Pantanelle,38.9363425,16.4064007
Via Alessandro Magno,38.9747852,16.3759702
Via Annunziata,39.0148444,16.4167240
Via Castello,39.0128650,16.4190327
Via Francesco De Luca,39.0141997,16.4151160
Via Giacomo Leopardi,39.0143580,16.4197411
Via Giordano Bruno,39.0135135,16.4151862
VIa Goffredo Mameli,39.0126769,16.4162122
VIa Indipendenza,39.0131261,16.4166823
Viale dei Partigiani,38.9546547,16.4314215
Via Leopardi,38.9345736,16.4151576
Via Luigi De Fazio,39.0132332,16.4155427
Via Municipio,39.0126999,16.4167379
Via Napoleone Bonaparte,38.9742536,16.3756580
Via Piano delle Forge,39.0123433,16.4187721
Via Provinciale,38.9746423,16.3744781
Via Roma,39.0155588,16.4172370
Via Umberto I,39.0131518,16.4188143
Via XX Settembre,39.0135294,16.4159406
Vico I Indipendenza,39.0134638,16.4167433
Vico V Castello,39.0125708,16.4177352
Autostrada del Mediterraneo,38.9544484,16.1573093
St. Gizzeria Mancuso,38.9993604,16.1988603
Cascata Ninfe,39.0494311,16.6554400
Il ponte del diavolo,39.0141364,16.6204160
Ponte del Diavolo,39.0139422,16.6199393
Via Vittorio Emanuele III,39.0127561,16.6280078
Via Vittorio Emanuele III in San Pietro Magisano,39.0113020,16.6118357
SS 109,39.0497667,16.7611288
Autostrada del Mediterraneo,38.9713967,16.1526376
Casermetta / Mancuso,39.0206738,16.2149826
Inc. Mancuso / Inc. Carito,39.0189391,16.2022811
Monte Mancuso / Incrocio Mancuso,39.0162842,16.2016584
Percorsi Mancuso,39.0144842,16.2184176
Percorso Mancuso,39.0125167,16.2221277
St. Gizzeria Mancuso,38.9993604,16.1988603
Strada Carito/Fossa del Lupo,39.0209260,16.1989933
Stradina collegamento,39.0161238,16.1992957
Via Roma,39.0025727,16.1715462
"Area Pedonale ""Cruci""",39.0082916,16.3217426
Cammino di Gioacchino da Fiore Lamezia Terme Platania,38.9908470,16.3234337
Cammino di Gioacchino da Fiore strada Platania Viterale,39.0084714,16.3344175
Cammino di Gioacchino da Fiore tracciato Domus (Platania) Orsi (Decollatura),39.0292867,16.3508108
Cammino di Gioacchino da Fiore tracciato Platania Domus,39.0135432,16.3408253
Casa di Martuzza,39.0067691,16.3201847
Cava di Tora,39.0057545,16.3201092
Corso Umberto I,39.0063608,16.3207000
"discesa Scuole Medie "" F. Mastroianni""",39.0035724,16.3196265
Piazza don Domenico Arcuri,39.0048400,16.3199426
Via Fosso,39.0027286,16.3198644
Via Gorizia,39.0081534,16.3216090
Via Isonzo,39.0079578,16.3218900
Via Manca,39.0055835,16.3198197
Via Piave,39.0075787,16.3223827
Via Risa,39.0091597,16.3219121
Via Roma,39.0053200,16.3192592
Piazza Giuseppe Tallarico,39.0209479,16.4875307
Via Cataneo,39.0218925,16.4867491
Via Garibaldi,39.0198316,16.4896524
Corso Mattia Preti,39.0212625,16.5798583
Discesa Santa Maria,39.0202391,16.5794047
Largo San Nicola,39.0203001,16.5830969
Località Ruggiolino,39.0223096,16.5851175
Piazza Gregorio Ricca,39.0218991,16.5802229
Piazza San Sebastiano,39.0206505,16.5821762
Piazza Santa Maria,39.0196775,16.5793622
Via Acqua Potenza,39.0221337,16.5812192
Via Bruzio,39.0215914,16.5778404
Via Giuseppe Cua,39.0205505,16.5807831
Via Ierinise,39.0210928,16.5828663
Via Italia,39.0220214,16.5789296
Viale Guglielmo Marconi,39.0216623,16.5818400
Via San Crispino,39.0208169,16.5780558
Via San Nicola,39.0205508,16.5829007
Via Trieste,39.0200062,16.5787860
Via Trischine,39.0199487,16.5796090
Via XXV Aprile,39.0201423,16.5832928
Vico I Via Trieste,39.0208346,16.5802393
Cammino di Gioacchino da Fiore tracciato Domus (Platania) Orsi (Decollatura),39.0292867,16.3508108
Strada del Medio Savuto,39.0587284,16.3764120
strada Liardi Iunci,39.0893969,16.3551665
Via Roma,39.0155588,16.4172370
Via Trieste,39.0378443,16.3675698
Autostrada A3 Napoli-Reggio Calabria,39.0214675,16.1224146
Autostrada del Mediterraneo,38.9939612,16.1375105
Casermetta / Mancuso,39.0206738,16.2149826
Fossa del Lupo / Bombarda,39.0360748,16.2324944
Fossa del lupo/ Spombi,39.0269231,16.2312968
Inc. Mancuso / Inc. Carito,39.0189391,16.2022811
Percorsi Mancuso,39.0207332,16.2186000
Rione Motta,39.0370529,16.1581382
San Cataldo / Casermetta / Carito,39.0270233,16.2090508
San Cataldo/Chimento,39.0290426,16.2131923
Sentiero montano,39.0258116,16.2341005
SP 93,39.0474250,16.1665929
SP 95,39.0624777,16.1851470
Strada Carito/Fossa del Lupo,39.0258537,16.2216603
STRADA DELLA GALASSIA,39.0561636,16.1599679
Strada di collegamento sterrata,39.0322270,16.2281822
Strada San Cataldo/Mancuso,39.0253482,16.2079727
Stradina di collegamento,39.0313749,16.2316615
Via Acerbi,39.0371314,16.1604173
Via Ammiraglio Sirianni,39.0379667,16.1617912
Via Canonico Francesco Adamo,39.0368158,16.1623198
Via San Francesco,39.0375783,16.1624237
Autostrada del Mediterraneo,39.0754792,16.1912614
Contrada Molara,39.0762677,16.2233729
Contrada Nocella,39.0724423,16.2272185
Contrada Santa Croce Beratta,39.0739979,16.2143855
Fossa del Lupo / Bombarda,39.0360748,16.2324944
Fossa del lupo/ Spombi,39.0269231,16.2312968
Piazza Giovanni XXIII,39.0757639,16.2312385
Piazza Matteotti,39.0755802,16.2321920
PIAZZA MATTEOTTI,39.0755297,16.2328621
Sentiero montano,39.0258116,16.2341005
SP73 dir,39.0377975,16.2455889
Stradina collegamento,39.0222068,16.2337935
Stradina di collegamento,39.0313749,16.2316615
Via Brescia,39.0749915,16.2315965
Via F. Berardelli,39.0763210,16.2318867
Via Fiume,39.0758037,16.2332519
Via Francesco De Medici,39.0726924,16.2351436
Via Gaspare Colosimo,39.0748477,16.2309129
Via J.F. Kennedy,39.0741851,16.2310802
Via Mantova,39.0750120,16.2339810
Via M. Berardelli,39.0742066,16.2319432
Via Milano,39.0757155,16.2330085
Via Monza,39.0752866,16.2334781
Via Municipio,39.0753927,16.2319587
Via Piano del Vento,39.0731880,16.2302539
Via Ravenna,39.0762912,16.2327177
Via Rimembranze,39.0766604,16.2301814
Via Roma,39.0745912,16.2338652
Via R. Provenzano,39.0737026,16.2353909
Via San Quiricio,39.0752734,16.2303633
Via Treviglio,39.0744102,16.2341660
Via Trieste,39.0758521,16.2339468
Via Varese,39.0767097,16.2323399
Sentiero montano,39.0258116,16.2341005
SP73 dir,39.0377975,16.2455889
Strada statale 616 di Pedivigliano,39.0897891,16.2601675
Cammino di Gioacchino da Fiore tracciato ostello Soveria Mannelli Abbazia di Corazzo,39.0616779,16.4155256
SP ex SS19 delle Calabrie,39.0989576,16.3759994
Strada statale 616 di Pedivigliano,39.0960139,16.3999211
Via Bonacci,39.0858936,16.3717575
Via Luigi Costanzo,39.0857606,16.3726729
Via Marasco,39.0855416,16.3699729
Via Sante Colosimo,39.0809508,16.3725218
Via Successo,39.0858443,16.3744722
Vico Maraschi,39.0856452,16.3695282
Vico Tappi,39.0853960,16.3699380
Cammino di Gioacchino da Fiore tracciato ostello Soveria Mannelli Abbazia di Corazzo,39.0616779,16.4155256
Via Vittorio Emanuele III,39.0554264,16.4559553
Via Vittorio Emanuele III in Castagna,39.0529417,16.4355998
Salita Valle,39.0440946,16.7595596
Salita Vittorio Emanuele III,39.0440929,16.7564355
SS 109,39.0497667,16.7611288
Via 8 Marzo,39.0432389,16.7542920
Via Acquavona,39.0416115,16.7545017
Via Antonio Parise,39.0406594,16.7561576
Via Carlo Alberto Dalla Chiesa,39.0425304,16.7533972
Via Cona,39.0447004,16.7541465
Via fratelli Bandiera,39.0409895,16.7559186
Via Gianni Versace,39.0438678,16.7527237
Via Giovanni Falcone,39.0453550,16.7630335
Via IV Novembre,39.0428208,16.7548173
Via Pantano,39.0433058,16.7551057
Via Roma,39.0446476,16.7581028
Via Vaccari,39.0419998,16.7534280
Autostrada del Mediterraneo,39.0713288,16.1874156
SP 95,39.0624777,16.1851470
STRADA DELLA GALASSIA,39.0552740,16.1521246
Autostrada del Mediterraneo,39.0923690,16.2320619
Piazza Vescovado,39.0824511,16.2483163
SP93 - PONTE DEL SOLDATO,39.0753303,16.2472118
Strada statale 616 di Pedivigliano,39.0897560,16.2533889
Via Castello,39.0849795,16.2462061
Viale Mazzini,39.0798628,16.2492880
Via Saraceni,39.0860845,16.2461644
Strada statale 616 di Pedivigliano,39.1028868,16.2987136
