Contrada San Nicolao,42.1399012,14.0314025
dal pelino al manzini,42.0924487,14.0854475
Lama Bianca-Fonte della Chiesa,42.0921135,14.0482496
Orto Botanico,42.1204391,14.0265963
P (Sentiero del Parco),42.0875695,14.0847391
Q3 - Q6,42.0880747,13.9969132
Sentiero H1 (Sorgenti del Fiume Verde-Monte Amaro),42.0831422,14.1379820
Setiero fra la Rava della vespa e la Rava del Ferro,42.0969059,14.0568692
S (Sentiero dello Spirito),42.1156803,13.9790044
Strada Statale 487 di Caramanico Terme,42.0818201,14.0308033
B1 - S (Sentiero dello Spirito),42.1610896,14.0731753
B2 - S (Sentiero dello Spirito),42.1595635,14.0467414
Contrada Canale,42.1474250,14.0160988
Contrada San Giovanni,42.2071688,13.9921132
Contrada San Nicolao,42.1399012,14.0314025
Contrada Santa Croce Fonte,42.1601142,14.0088369
Corso Gaetano Bernardi,42.1568818,14.0033654
Corso Reale,42.1876674,13.9698828
Corso Umberto I,42.1556367,14.0022440
Guado S. Antonio,42.1438029,14.0465893
Piazza Giuseppe Garibaldi,42.1582137,13.9996255
Piazza Luigi de Dominicis,42.1588851,13.9981943
Piazza Mazzini,42.1574204,14.0027497
Ponte del Luco,42.1937678,13.9601194
P (Sentiero del Parco),42.1283035,14.1151772
P (Sentiero del Parco) - S (Sentiero dello Spirito),42.1498876,13.9898332
S (Sentiero dello Spirito),42.1608012,14.0277252
Strada Provinciale 69,42.1571008,13.9960529
Strada Statale 487 di Caramanico Terme,42.1528626,14.0043768
Via Cappuccini,42.1584921,14.0064901
Via Castello,42.1571990,14.0042952
Via Colle,42.1563593,14.0037108
Via D'Acquino,42.1578425,14.0012142
Via del Carmine,42.1578278,14.0003266
Via della Libertà,42.1607362,14.0073251
Via della Pace,42.1869623,13.9715704
Via della Riga,42.1592372,13.9972424
Via delle Rose,42.1591778,13.9975532
Via del Morrone,42.1589432,13.9976787
Via Dietro le Mura,42.1582692,14.0019372
Via Dietro Le Mura,42.1974627,13.9848684
Via Duca degli Abruzzi,42.1580417,14.0018822
Via Galliano,42.1577022,14.0016819
Via Grilli,42.1581587,14.0008912
Viale Fonte Grande,42.1553086,14.0038247
Viale Roma,42.1584570,14.0057744
Via Maiella,42.1556889,14.0039781
Via Marino da Caramanico,42.1574284,14.0023881
Via Martiri Caramanichesi,42.1594811,14.0045849
Via San Maurizio,42.1582839,13.9999955
Via S. Giovanni,42.1590116,13.9978097
Via Silvino Olivieri,42.1584867,13.9996103
Via S. Leonardo,42.1588120,13.9995313
Via Torre Alta,42.1585549,14.0039769
Via Tre Marie,42.1576572,14.0022588
Via Vallicelle,42.1590497,14.0012612
Via Vittorio Emanuele II,42.1572821,14.0021783
Vico del Giglio,42.1587008,13.9979631
Fonte delle Fratte,42.1722213,13.9388569
Fonte del Tasso - Stazzi di Carnevale,42.1668055,13.9098484
Fonte Fredda-Cresta,42.1465947,13.9128417
Fonte Lagonero,42.1475518,13.9592874
P (Sentiero del Parco),42.1498938,13.9176639
Stazzi di Carnevale - Fonte Fredda,42.1528641,13.9122818
Strada Provinciale Musellaro Salle,42.1770935,13.9555047
Via Corde Armoniche,42.1773827,13.9630849
Via dell'Impero,42.1762595,13.9580900
Via IV Novembre,42.1770643,13.9599511
Via Macallè,42.1772649,13.9609628
Via Napoli,42.1783075,13.9612086
Via Palermo,42.1780984,13.9608009
Via Papa Pio XII,42.1781591,13.9625120
Via Piave,42.1769170,13.9602335
Via Roma,42.1772162,13.9613502
Via S. Roberto,42.1771435,13.9622123
Via Tripoli,42.1780199,13.9627480
Via Vittorio Veneto,42.1772426,13.9627880
Corso Antonio Gramsci,42.1702435,13.8332031
forestale - beato mariano,42.1677489,13.8501782
Monte della Grotta - Sella Tremonti,42.1864114,13.8908458
Monte della Grotta - Tufarelli- Schiena D'Asino,42.1800454,13.8902069
Piazza XX Settembre,42.1712475,13.8325457
Ponte Risorgimento,42.1710358,13.8295377
P (Sentiero del Parco),42.1741625,13.8795699
Strada dei Parchi,42.1888225,13.8463712
Strada Provinciale 10 Peligna,42.1361651,13.8182520
Strada Regionale 17 delle Svolte di Popoli,42.1693460,13.8296540
Strada Statale 153 della Valle del Tirino,42.1908197,13.8475101
Strada Statale 5 Via Tiburtina Valeria,42.1491963,13.8487067
Via Aldo Moro,42.1750929,13.8281882
Via Bruno Buozzi,42.1723084,13.8272658
Via Corradino D'Ascanio,42.1690950,13.8331541
Via Deconde,42.1756022,13.8306187
Via Don Bosco,42.1711629,13.8308763
Via Enrico Berlinguer,42.1750582,13.8299004
Via Enrico Corti,42.1712178,13.8255197
Via Enrico Fermi,42.1723028,13.8272658
Via Galileo Galilei,42.1737779,13.8294061
Via Gran Sasso,42.1759366,13.8296190
Via Ingegner G. Giammarco,42.1676793,13.8325767
Viale Papa Giovanni XXIII,42.1704383,13.8313512
Via Santa Maria,42.1756395,13.8298851
Via Tiburtina Valeria,42.1900226,13.8473436
P (Sentiero del Parco),42.1658891,14.1113093
S (Sentiero dello Spirito),42.1836234,14.0381576
Strada Statale 614 della Maielletta,42.2150295,14.0693859
Corso Giuseppe Garibaldi,42.2139833,13.9131849
Della Villa,42.1933184,13.9075992
Fonte dell'aqua di Mezzanotte,42.1816046,13.9119587
Fonte del Tasso - Stazzi di Carnevale,42.1668055,13.9098484
Largo Sant'Eustachio,42.2137127,13.9122120
La Torretta,42.2120670,13.9098713
Monte della Grotta - Sella Tremonti,42.1879534,13.9037900
Monte della Grotta - Tufarelli- Schiena D'Asino,42.1800454,13.8902069
Piazza Carlo da Tocco,42.2123412,13.9121546
Piazza Domenico Stromei,42.2142803,13.9134726
Piazza Giovanni XXIII,42.2146948,13.9126472
Piazza Menna,42.2127873,13.9121224
Piazza Vittorio Emanuele II,42.2140740,13.9125433
SP 55,42.2247149,13.9075363
Strada comunale Cerrato,42.2248802,13.9366391
Strada Comunale Cese,42.2170734,13.9244925
Strada Comunale Santo Setano,42.2185495,13.9131594
Strada comunale Tocco da Casauria,42.2009290,13.9423999
Strada dei Parchi,42.1981602,13.8685296
Via Alessandro Volta,42.2141108,13.9152410
Via C.A.Dalla Chiesa,42.2089985,13.9125694
Via Capocroce,42.2125600,13.9170773
Via Cavour,42.2119289,13.9101148
Via Centenario Unità d'Italia,42.2105595,13.9144977
Via Colle Matteo,42.2144254,13.9250818
Via delle Grazie,42.2124032,13.9131576
Via Domenico Filomusi,42.2130691,13.9143332
Via Ercole Marelli,42.2132800,13.9149778
Via Ettore Cialente,42.2126545,13.9143985
Via Francesco Filomusi Guelfi,42.2136518,13.9130431
Via F. Sonsini,42.2120865,13.9190128
Via Gabriele D'Annunzio,42.2123406,13.9146142
Via Gaetano Pulvirenti,42.2121185,13.9105412
Via Gioacchino Rossini,42.2154850,13.9142154
Via Giovanni Pascoli,42.2143674,13.9151433
Via Giuseppe Mazzini,42.2122986,13.9124213
Via Giuseppe Paparella,42.2139722,13.9151380
Via Giuseppe Verdi,42.2132897,13.9150851
Via Guglielmo Marconi,42.2127823,13.9143195
Via Guido Filomusi,42.2135778,13.9137301
Via I Maggio,42.2126374,13.9151771
Via Isonzo,42.2116770,13.9143043
Via John Kennedy,42.2139905,13.9134082
Via Legno,42.2167462,13.9127865
Viale XX Settembre,42.2164042,13.9139881
Via Martiri d'Ungheria,42.2131821,13.9145345
Via Municipio,42.2128082,13.9108157
Via Napoli,42.2156027,13.9140600
Via Ospedale,42.2155356,13.9131323
via Osservanza,42.2061406,13.9097251
Via Osservanza,42.2102884,13.9118117
Via Palombara,42.2142533,13.9165489
Via ramai,42.2123308,13.9122706
Via Risorgimento,42.2108061,13.9144360
Via Roma,42.2150924,13.9145169
Via Scalelle,42.2159974,13.9153517
Via Sportello,42.2142717,13.9118947
Via Tiburtina Valeria,42.2078574,13.8935874
Via Vasto Piano,42.2076858,13.9149140
Via Veduta,42.2162523,13.9137684
Via Viaro,42.2073811,13.9193634
Via Vincenzo Bellini,42.2153110,13.9143626
Via XXVII Marzo,42.2150874,13.9145012
Vico I,42.2168950,13.9147709
Cava Napoleone,42.2375694,13.9587695
Contrada Buscesi,42.2487126,13.9547507
Contrada Gessetto,42.2257357,13.9573792
Contrada Staffilo,42.2298138,13.9566158
Fonte delle Fratte,42.1823925,13.9487237
Piazza Azoto,42.2507289,13.9515340
Piazza Italia,42.2514437,13.9519815
Piazzale Enel,42.2478882,13.9533902
Piazza Nonegani,42.2472311,13.9517993
Strada comunale Tocco da Casauria,42.1956692,13.9513975
Strada dei Parchi,42.2448840,13.9406573
Strada Provinciale Musellaro Bolognano,42.2056733,13.9539473
Strada Provinciale Musellaro Salle,42.1893681,13.9469394
Strada Provinciale Torre de' Passeri - Piano d'Orta,42.2475517,13.9424992
Via Anelli,42.2501566,13.9529053
Via Angelo Palumbo,42.2179819,13.9595459
Via Antonio Trovarelli,42.2441309,13.9449390
Via Centrale,42.1929945,13.9533651
Via Cona,42.1948397,13.9528022
Via del Cimitero,42.2456234,13.9503338
Via di Sopra,42.2191964,13.9615807
Via di Sotto,42.2192225,13.9615807
Via Fara,42.2454639,13.9454050
Via Fiume Orta,42.2462781,13.9595065
Viale dei Colli,42.2166311,13.9582539
Viale Europa,42.2164679,13.9576830
Viale Umberto I,42.2177827,13.9603371
Via Macere Piane,42.2436721,13.9472452
Via Milano,42.2500687,13.9516032
Via Napoli,42.2495222,13.9511809
Via Neviera,42.2170141,13.9605728
Via Pozzo,42.1935538,13.9527113
Via Provinciale,42.2481195,13.9467736
Via Roma,42.2462230,13.9388430
Via Santa Liberata,42.2210825,13.9590466
Via Staffilo,42.2325762,13.9534574
Via Tiburtina Valeria,42.2528372,13.9519852
Via Torino,42.2495272,13.9513785
Via Tufara,42.2513771,13.9506903
Sentiero delle Capanne in pietra,42.2083954,14.0775872
Sentiero del Lupo - Tratto finale,42.2324641,14.0450292
serramonacesca p.so lanciano,42.1944826,14.0986828
Strada Statale 614 della Maielletta,42.2150295,14.0693859
Track del lupo,42.2249857,14.0584040
Un albero per ogni nuovo nato,42.2160317,14.0687598
Via Chiuse,42.2381764,14.0356671
Via Guglielmo Marconi,42.2394275,14.0379264
Via Valle,42.2414375,14.0372597
per Grotta del Brigante,42.1936802,14.0176243
P (Sentiero del Parco),42.1736599,14.0330991
P (Sentiero del Parco) - S (Sentiero dello Spirito),42.1773427,14.0479853
S (Sentiero dello Spirito),42.1836234,14.0381576
Via Fossato,42.2160842,13.9947125
Da Bussi a M. Picca per Fonte di M. Alto,42.2210752,13.8273975
Da Forca di Penne al M. Picca per la Ripuccia,42.2695730,13.8368412
Fonte di Monte Alto,42.2378829,13.8411175
Il Mostro 2,42.2491645,13.8272668
Piazza Primo Maggio,42.2116034,13.8231148
Strada dei Parchi,42.1888225,13.8463712
Strada Statale 153 della Valle del Tirino,42.2592257,13.8035232
Via 25 Aprile,42.2136763,13.8205814
Via Alessandro Manzoni,42.2093641,13.8259812
Via Caduti sul Lavoro,42.2125385,13.8250631
Via dei Grue,42.2110081,13.8290837
Via della Repubblica,42.2134398,13.8222095
Via dietro Corte,42.2112182,13.8287363
Via Don Panfilo Caracciolo,42.2123249,13.8230059
Via Enrico Berlinguer,42.2125525,13.8243341
Via Ferruccio Parri,42.2131385,13.8249022
Via Giovanni XXIII,42.2136366,13.8246649
Via Giuseppe Di Vittorio,42.2136324,13.8244773
Via Giuseppe Verdi,42.2119214,13.8262430
Viale Madonnina,42.2162097,13.8185759
Via Lola Di Stefano,42.2119350,13.8261773
Via Lungo Tirino,42.2103278,13.8248090
Via Nicola Delfino,42.2126590,13.8259093
Via Pietro Nenni,42.2137580,13.8201983
Via Progresso,42.2105506,13.8275829
Via Regina Margherita,42.2085100,13.8251012
Via Silvio Pellico,42.2111067,13.8258675
Via Stoviglieri,42.2095034,13.8270413
Via Tiburtina Valeria,42.1933341,13.8553388
Contrada Cesare,42.2521484,13.9554302
Contrada San Giovanni,42.2071688,13.9921132
Corso Vittorio Emanuele II,42.2333692,13.9860389
Strada Statale 487 di Caramanico Terme,42.2549693,13.9928607
Via 11 Febbraio,42.2332066,13.9865686
Via Agostino,42.2331205,13.9871332
Via Baiocco,42.2331774,13.9875689
Via Cappelle,42.2227486,13.9918527
Via Dietro Le Mura,42.1974627,13.9848684
Via Duca degli Abruzzi,42.2333147,13.9883073
Via Fiume,42.2323189,13.9879314
Via Fossato,42.2160842,13.9947125
Via San Cesidio,42.2410394,13.9868720
Via Trieste,42.2283973,13.9899560
Via Valle,42.2356554,13.9859185
Da Serra A Passo Lanciano,42.2227068,14.0847992
Sentiero delle Capanne in pietra,42.2083954,14.0775872
Sentiero n. 4 (Eremo di Sant'Onofrio di Serramonacesca),42.2334630,14.0882602
serramonacesca p.so lanciano,42.1944826,14.0986828
Strada Statale 539 di Manoppello,42.2499725,14.0867343
Un albero per ogni nuovo nato,42.2160317,14.0687598
Verso L'eremo,42.2265216,14.0880687
Via Colasante,42.2495859,14.0927104
Via delle Industrie,42.2779359,14.0856535
Via del Muraglione,42.2498852,14.0932583
Via Elcina,42.2484923,14.0928170
Via Largo degli Emigranti,42.2493886,14.0933300
Via Marino Di Resta,42.2460837,14.0920577
Via Roberti,42.2497548,14.0936859
Via Roma,42.2333931,14.1025143
Via San Marco,42.2800788,14.1067089
Via Vignadonica,42.2484193,14.0929994
Contrada Cervarano,42.2740777,13.9132832
Contrada Fonte delle Grotte,42.2326606,13.9048297
Contrada Grotte,42.2378688,13.9197012
Contrada Pinciara,42.2363153,13.8919594
Contrada San Clemente,42.2368347,13.9289803
Contrada Vicenne,42.2351440,13.9113171
Piazza Gloria,42.2362782,13.8964434
Piazza Umberto Primo,42.2357916,13.8987040
Strada Comunale Frattali,42.2174007,13.8966538
Strada comunale San Clemente,42.2359565,13.9296742
Strada dei Parchi,42.2390794,13.9290591
Strada Provinciale 53,42.2333551,13.8975089
Strada Provinciale 55,42.2275057,13.9005456
Strada provinciale Madonna degli Angeli,42.2375496,13.9288725
Strada provinciale Torre de' Passeri - Castiglione,42.2365477,13.9134835
Via Calata della Fonte,42.2356803,13.8964033
Via Castagna,42.2382713,13.9319425
Via delle Macchie,42.2411885,13.9194819
Via Giuseppe Mazzini,42.2358645,13.8968108
Via Guglielmo Marconi,42.2365089,13.9118066
Viale Primo Maggio,42.2409685,13.9346378
Via Piana,42.2297994,13.9115864
Via Picinisco,42.2386315,13.9246306
Via Provinciale Catignano Alanno Torre de' Passeri,42.2714919,13.9416703
Via Regina Margherita,42.2360594,13.8969894
Via Roma,42.2355875,13.9016529
Via San Rocco,42.2359206,13.8934794
Contrada Cesare,42.2521484,13.9554302
Corso Primo Maggio,42.2674011,14.0033066
Strada dei Parchi,42.2709593,14.0033305
Strada Provinciale 40,42.2770917,14.0106621
Strada Statale 487 di Caramanico Terme,42.2660046,13.9952634
Strada Statale 614 della Maielletta,42.2636804,14.0038264
Via dello Scalo,42.2675778,14.0053508
Via Pescara,42.2671823,14.0023263
Via Tiburtina Valeria,42.2528372,13.9519852
Contrada Grotte,42.2378688,13.9197012
Corso Mazzini,42.2444919,13.9316099
Piazza dei Porci,42.2447714,13.9264205
Piazza Plebiscito,42.2446061,13.9288905
Piazzetta degli Artisti,42.2439325,13.9292115
Strada dei Parchi,42.2448840,13.9406573
Strada provinciale,42.2451475,13.9268619
Strada Provinciale 51,42.2450226,13.9268744
Strada provinciale Madonna degli Angeli,42.2411324,13.9260352
Strada Vicinale Fara Galeoni,42.2456472,13.9393391
Via Bolzano,42.2422002,13.9286633
Via Castagna,42.2382713,13.9319425
Via Castelluccio,42.2422249,13.9261207
Via Cesare Battisti,42.2414801,13.9305515
Via da Denominare,42.2409980,13.9297410
Via Dante Alighieri,42.2428795,13.9351540
Via degli Alpini,42.2386567,13.9266958
Via del Buco,42.2439120,13.9288999
Via del Cimitero,42.2406526,13.9344907
Via della Corte,42.2429497,13.9314543
Via della Luna,42.2441307,13.9340295
Via delle Macchie,42.2411885,13.9194819
Via Fara Galeone,42.2454427,13.9386009
Via Fara Vecchia,42.2426415,13.9301565
Via Felice di Nicolantonio,42.2431312,13.9327824
Via Firenze,42.2430653,13.9293389
Via Francesco de Pompeis,42.2434999,13.9320010
Via Gabriele D'Annunzio,42.2403514,13.9301144
Via Giuseppe Garibaldi,42.2426524,13.9316476
Via Gorizia,42.2422554,13.9279962
Viale della Repubblica,42.2443720,13.9360995
Viale Primo Maggio,42.2409685,13.9346378
Via Luigi Einaudi,42.2420787,13.9318642
Via Maragona,42.2401561,13.9250095
Via Martiri della Resistenza,42.2412114,13.9282582
Via Orientale,42.2432066,13.9338280
Via Paradiso,42.2439601,13.9313558
Via Picinisco,42.2387255,13.9249739
Via Provinciale Catignano Alanno Torre de' Passeri,42.2714919,13.9416703
Via Roma,42.2448936,13.9350596
Via San Rocco,42.2430952,13.9273400
Via San Vittorino,42.2435014,13.9302644
Via Settimio di Battista,42.2426592,13.9288103
Via Trento,42.2418964,13.9271103
Via Trieste,42.2422209,13.9277787
Via Venezia,42.2425353,13.9275829
Contrada Cervarano,42.2740777,13.9132832
Via Tiburtina Valeria,42.2693422,14.0147173
Via Vittorio Emanuele III,42.2621498,14.0271567
Agri Service Road,42.2538413,14.0674018
Palestra Comunale,42.3121483,14.0645689
Piano della Stazza,42.3089536,14.0530772
Piazza Castello,42.2557937,14.0599432
Piazza Dino Zambra,42.3069945,14.0611691
Piazza Zambra,42.3068500,14.0612908
Strada Comunale Piano Pescara,42.3190793,14.0801393
Strada dei Parchi,42.3131630,14.0613323
Strada Privata Mammarella,42.3098656,14.0603163
Strada Statale 539 di Manoppello,42.2904560,14.0435817
Strada Vecchia Di Santa Maria Arabona,42.3012316,14.0622020
Via A. De Gasperi,42.3067614,14.0624568
Via Aldo Moro,42.3124874,14.0708967
Via Andrea Costa,42.3072131,14.0614556
Via Antonio Cipressi,42.3161284,14.0761212
Via Antonio Gramsci,42.3073423,14.0618748
Via Armando Diaz,42.3135108,14.0743300
Via Barbanera,42.3118685,14.0660596
Via Bellini,42.3115270,14.0663969
Via Benedetto Croce,42.3085257,14.0598361
Via Boccetto,42.2602235,14.0601825
Via Campania,42.3082091,14.0624928
Via C. B. C. Di Cavour,42.3068130,14.0608322
Via Chieti,42.3043015,14.0558609
Via Colle Petrano,42.3067217,14.1046333
Via dei Fiori,42.3087211,14.0609993
Via delle Industrie,42.3001543,14.0651141
Via del Milite Ignoto,42.3079336,14.0827069
Via del Ragno D'Oro,42.3115124,14.0703516
Via Don Luigi Sturzo,42.3062597,14.0631126
Via Don Rocco D'Alessandro,42.3041955,14.0658454
Via E. De Nicola,42.3063782,14.0628646
Via Enrico Caruso,42.3128496,14.0669101
Via Enrico Toti,42.3092841,14.0707278
Via F. Caruso,42.3142102,14.0760961
Via F. P. Tosti,42.3099471,14.0615473
Via Fratelli Bandiera,42.3117458,14.0707750
Via Gabriele D'Annunzio,42.3054976,14.0563505
Via Galileo Galilei,42.3098171,14.0673342
Via G. Amendola,42.3060344,14.0636865
Via G. D'Alfonso,42.3066334,14.0604162
Via Giacomo Matteotti,42.3025144,14.0501409
Via Giuseppe Verdi,42.3115392,14.0674011
Via G. Matteotti,42.3040009,14.0520528
Via G. Mazzini,42.3069670,14.0634692
Via Gran Sasso,42.3137481,14.0759637
Via Guglielmo Marconi,42.3067576,14.0676544
Via G. Verdi,42.3121137,14.0682671
Via Ignazio Silone,42.3089564,14.0616196
Via Lanciano,42.3058113,14.0596103
Via L'Aquila,42.3066302,14.0570143
Via Lazio,42.3078705,14.0623335
Viale della Stazione,42.3066312,14.0617759
Via Leonardo da Vinci,42.3096348,14.0666200
Via Liberio,42.3108956,14.0655897
Via Luigi Cadorna,42.3129986,14.0730945
Via Lungo Fiume Destro,42.3047340,14.0408779
Via Madonnina,42.2571369,14.0589469
Via Maiella,42.3142565,14.0770150
Via Martiri Pennesi,42.3126269,14.0724048
Via Michelangelo,42.3087326,14.0577985
Via Mila,42.3114638,14.0650083
Via Monte Morrone,42.3131827,14.0751637
Via Monte Sirente,42.3140609,14.0737395
Via Monte Velino,42.3154623,14.0795766
Via Nino Bixio,42.3120284,14.0714775
Via Parco Arabona,42.3113148,14.0638770
Via Parco Nazionale D'Abruzzo,42.3144360,14.0848176
Via Penne,42.3063494,14.0589638
Via Ponte Calabrese,42.3178156,14.0824041
Via Raffaele Staccioli,42.3118810,14.0656689
Via Rosa Luxemburg,42.3058293,14.0578958
Via San Callisto,42.2985721,14.0819324
Via Sandro Pertini,42.3056943,14.0628564
Via Sangro,42.3017947,14.0431885
Via San Leonardo,42.2563890,14.0598632
Via Santa Maria Arabona,42.2983474,14.0578266
Via Santa Maria D'Arabona,42.3024202,14.0625379
Via Silvio Pellico,42.3120090,14.0724359
Via Stefano Tinozzi,42.3165257,14.0648712
Via Sulmona,42.3057624,14.0588508
Via Taverna dell'Alba,42.2980679,14.0445927
Via Teramo,42.3084996,14.0559296
Via Tiburtina,42.3145753,14.0751407
Via Tiburtina Valeria,42.3132365,14.0682161
Via Tirino,42.3025131,14.0488960
Via Tito Acerbo,42.3137176,14.0748323
Via Umbria,42.3084681,14.0630523
Via Venezia,42.3058352,14.0587631
Via XX Settembre,42.3081672,14.0618904
Vico Cocchia,42.2590208,14.0589290
Vico F. Guelfi,42.2573113,14.0608451
Contrada Cervarano,42.2740777,13.9132832
per Antiche vasche rupestri,42.2774049,13.9089168
Via Provinciale Catignano Alanno Torre de' Passeri,42.2714919,13.9416703
"Ascesa alla ""Queglia""",42.2687689,13.8743188
Strada dei Parchi,42.2717744,14.0066878
Strada Provinciale,42.2932868,14.0213367
Strada Provinciale 40,42.2770917,14.0106621
Strada vicinale del Lago,42.2773030,14.0124337
Via Colle Colorado,42.2939064,13.9706824
Via Dante Alighieri,42.2946036,13.9695981
Via Giovanni Marzoli,42.2963329,13.9710794
Via Guglielmo Marconi,42.2942191,13.9679627
Via Provinciale Catignano Alanno Torre de' Passeri,42.2714919,13.9416703
Via Roma,42.2949428,13.9729215
Via Tiburtina Valeria,42.2754682,14.0207325
Via Tirassegno,42.2943622,13.9678560
Strada Regionale 602 Ex SS602,42.3245165,13.9467272
Corso Vittorio Emanuele,42.3089523,13.9338600
Via Guglielmo Marconi,42.3087474,13.9335966
Via Italia,42.3079690,13.9321206
Via Sant'Anatolio,42.3070523,13.9320929
Strada per Nocciano,42.3468129,14.0058537
Strada Regionale 602 Ex SS602,42.3245165,13.9467272
Via Collina,42.3351678,13.9867085
Via Guglielmo Marconi,42.3329057,13.9842620
Via Largo Madonna,42.3337173,13.9839289
Via Papa Giovanni XXIII,42.3357880,13.9872200
Via Roma,42.3355690,13.9885703
Via San Biagio,42.3331351,13.9833099
Via San Lorenzo,42.3320705,13.9839119
Fosso Selva,42.3363652,13.9030497
Strada Regionale 602 Ex SS602,42.3245165,13.9467272
Strada Regionale 602 Ex SS602,42.3245165,13.9467272
Valle dei Frati,42.3414831,13.8108534
Valle Voltignolo,42.3613005,13.8171583
Corso Umberto I,42.3475675,13.9543064
Piazza Guglielmo Marconi,42.3462020,13.9501939
Piazzetta della Posta,42.3466148,13.9516081
Strada Regionale 602 Ex SS602,42.3245165,13.9467272
Via Roma,42.3466246,13.9516294
Via Sant'Anatolio,42.3691874,13.9706141
Strada Provinciale 50,42.3980397,13.9327688
to Fonte (10min),42.3593963,13.8605994
Contrada Astignano,42.3805124,14.0861864
Contrada Collalto,42.4085488,14.1053187
Contrada Colle Uomini Morti,42.4108179,14.0392375
Contrada Frate Nardangelo,42.3813112,14.0436644
Contrada Morrocino,42.3749631,14.0495723
Contrada Pischiarano,42.4217245,14.0408211
Contrada Quattroventi,42.3721629,14.0563199
Contrada Vicenne Sud,42.3844632,14.0847739
Salita di Borgo,42.3970653,14.0453796
Strada Cerratina - Castellana,42.3966523,14.0991452
Strada Provinciale 83,42.3880833,14.1023122
Strada Provinciale Madonna del Lago,42.4270485,14.1032681
Strada Statale 81 Piceno Aprutina,42.3870382,13.9986464
Via Ancona,42.3967229,14.0270275
Via Bologna,42.4014097,14.0530258
Via Borgo del Carmine,42.3978969,14.0448384
Via Catania,42.4025795,14.0564718
Via Firenze,42.4019683,14.0524019
Via G. De Felice,42.3955455,14.0461293
Via Giulia,42.4258903,14.1138931
Viale Borgo Santa Lucia,42.3990193,14.0501628
Via Leonardo da Vinci,42.4094483,14.0593438
Viale regina Margherita,42.3967914,14.0467787
Via Milano,42.4039551,14.0589617
Via Monte Sirente,42.4049611,14.1133764
Via Parigi,42.4013178,14.0488168
Via Porta Orientale,42.3967525,14.0481623
Via San Nicola,42.3974910,14.0403288
Via Sant'Angelo,42.3992375,14.0406067
Via Sardegna,42.3974621,14.1227504
Via Torino,42.4011403,14.0719131
Via Valentino Ambrosini,42.3995103,14.0493230
Via Venezia,42.3982288,14.0418579
Contrada Burlesco,42.4473499,13.9903177
Contrada Cecalupo - Fiorano,42.4260718,13.9778200
Contrada Collecera,42.4432432,14.0024424
Contrada Collefreddo,42.4305341,13.9996214
Contrada Colle Ospedale,42.4227342,13.9977156
Contrada Cupello,42.4479545,13.9822409
Contrada Farina,42.4123976,13.9828829
Contrada Ferrauto,42.4538878,13.9907512
Contrada Fiorano,42.4325132,13.9645933
Contrada Fontemaggio,42.4402464,13.9922857
Contrada Fonte Sgobbo,42.4557198,14.0013734
Contrada Gallo,42.4419297,14.0089027
Contrada Gomma,42.4556724,13.9809708
Contrada Madonna degli Angeli,42.4420935,13.9880956
Contrada Marzengo,42.4525111,13.9760122
Contrada San Giovanni,42.4451406,13.9865078
Contrada Vicenne,42.4488154,13.9841847
Piazza Garibaldi,42.4343560,13.9839817
Piazza Giuseppe Garibaldi,42.4346814,13.9838680
Ponte Mirabello,42.4199244,13.9324035
Strada Luna,42.4333322,13.9859603
Strada Paterno,42.4209947,13.9796618
Strada Pretara,42.4327816,13.9847977
Strada Provinciale 50,42.3980397,13.9327688
Strada Statale 151,42.4445316,13.9608876
Strada Statale 81 Piceno Aprutina,42.3936778,13.9645545
Via 20 Settembre,42.4329906,13.9857296
Via 4 Novembre,42.4353249,13.9839994
Via Aldo Moro,42.4284155,13.9801652
Via Alessandro Pertini,42.4282091,13.9777647
Via Alfonso di Vestea,42.4286999,13.9797102
Via Cappuccini,42.4320285,13.9819194
Via Cesare Battisti,42.4339192,13.9866253
Via degli Aquino,42.4342692,13.9852860
Via degli Emigranti,42.4301380,13.9764307
Via degli Uliveti,42.4308170,13.9786213
Via dei Filosofi,42.4329755,13.9861910
Via dei Normanni,42.4335566,13.9844615
Via Dei Vespri Loretesi,42.4294422,13.9780399
Via del Baio,42.4336781,13.9872521
Via Desolata,42.4329999,13.9856739
Via Donato Chiarelli,42.4280104,13.9834946
Via Enrico Berlinguer,42.4265275,13.9858977
Via Gallo,42.4387254,14.0215219
Via Gelo,42.4332606,13.9887648
Via Giovanni Falcone,42.4272629,13.9850553
Via Goffredo Mameli,42.4342561,13.9826414
Via G. Rasetti,42.4327148,13.9854035
Via Guglielmo Marconi,42.4333679,13.9865911
Via Guido Rossa,42.4300108,13.9792787
Via I maggio,42.4338378,13.9804538
Via Leonardo Palladini,42.4310588,13.9775959
Via Luigia Chiola,42.4314118,13.9765920
Via Madonna delle Grazie,42.4297872,13.9782021
Via Marino Di Resta,42.4274731,13.9840700
Via Martiri Angolani,42.4335170,13.9826897
Via Martiri Pennesi,42.4329286,13.9860414
Via Risorgimento,42.4329408,13.9853027
Via Roma,42.4350142,13.9813590
Via San Domenico,42.4234347,13.9831736
Via Santa Maria in Piano,42.4297223,13.9826526
Via Sciopero a Rovescio,42.4307764,13.9767599
Via Tommaso Bruno Stoppa,42.4274544,13.9863689
Via Vincenzo Muccioli,42.4271590,13.9856764
Via Vittorio Veneto,42.4351149,13.9846174
Via Zopito Valentini,42.4343066,13.9793929
Autostrada Adriatica,42.4078052,14.1509564
Contrada Quattroventi,42.3721629,14.0563199
Contrada Stella,42.3753040,14.1241763
Contrada Vicenne Sud,42.3844632,14.0847739
Largo Portonello,42.3631831,14.0702613
Lungofiume Nora,42.3483280,14.1057211
Piazza Giuseppe Garibaldi,42.3845927,14.1244831
Ponte Fascine,42.3418166,14.1198436
Strada dei Parchi,42.3331355,14.1022059
Strada di Accesso,42.3396805,14.1166906
Strada locale,42.3507175,14.1106350
Strada Provinciale Alanno - Scafa,42.3207558,14.0663650
Strada Regionale 602 Ex SS602,42.3651166,14.0721608
Strada Statale 656 dir Val Pescara-Chieti,42.3374912,14.1187043
Svincolo A25 - A14 direzione Bari,42.4098085,14.1463676
Svincolo A25 - A14 direzione Bologna,42.4127930,14.1484094
Via Abruzzo,42.3982783,14.1376175
Via Ada Negri,42.3436665,14.1109231
Via Alessandro Manzoni,42.3857211,14.1248605
Via Alessandro Volta,42.3881967,14.1275423
Via Alfonso Della Valle,42.3630117,14.0720114
Via Amerigo Vespucci,42.3924653,14.1340786
Via Aterno,42.3730018,14.1180817
Via Attilio Forlani,42.3635262,14.0730721
Via Aurora,42.3706275,14.0937864
Via Bologna,42.3798599,14.1213685
Via Bonifica,42.3624273,14.1176189
Via B. Profeta,42.3536332,14.0986544
Via Cagliari,42.3768687,14.1169684
Via Campania,42.3653123,14.0780785
Via Cantò,42.3604010,14.1038239
Via Capone,42.3720557,14.0797572
Via Casanova,42.3611504,14.1051301
Via Castelluccio,42.3607064,14.0658057
Via Chieti,42.3762291,14.1258529
Via Ciarra,42.3510009,14.1006655
Via Cristoforo Colombo,42.3874170,14.1293229
Via da Denominare,42.3596567,14.0846763
Via Dante Alighieri,42.3659483,14.0806000
Via De Felice,42.3638519,14.0711364
Via dei Pini,42.3733705,14.1121247
Via del Feudo,42.3556214,14.1090049
Via della Formale,42.3700263,14.0683431
Via del Popolo,42.3610408,14.0754682
Via di Luzio,42.3599060,14.0916961
Via Duca degli Abruzzi,42.3623640,14.0690782
Via Eleonora Duse,42.3380957,14.1035221
Via Elsa Morante,42.3429138,14.1153662
Via Emilio Casella,42.3644329,14.0754741
Via Faiolo,42.3717020,14.0873288
Via Fantascione,42.3531604,14.0868785
Via Faresi,42.3742456,14.0632835
Via Ferdinando Magellano,42.3883649,14.1278072
Via Firenze,42.3651897,14.0698440
Via Fontana Vecchia,42.3663916,14.0664615
Via Forlì,42.3824387,14.1223039
Via Fossanelli,42.3591459,14.0794753
Via Francesco Petrarca,42.3674664,14.0868525
Via Gabriele D'Annunzio,42.3853531,14.1276366
Via Galileo Galilei,42.3883930,14.1314050
Via Giovanna D'Arco,42.3391608,14.1014793
Via Giovanni Pascoli,42.3621101,14.0693423
Via Gran Sasso,42.3709608,14.0752488
Via Guglielmo Marconi,42.3635947,14.0712736
Via III Croci,42.3559821,14.0867927
Via Lago Maggiore,42.3670256,14.0797300
Via Lazio,42.3965843,14.1401232
Via Liguria,42.3637775,14.0759244
Via Lombardia,42.4001830,14.1433431
Via Majella,42.4160901,14.1530057
Via Marche,42.3634244,14.0748831
Via Maria Gola,42.3471622,14.0988439
Via Marinaro,42.3670916,14.0839817
Via Matilde Serao,42.3463144,14.1125980
Via Michelangelo,42.3871158,14.1302561
Via Milano,42.3834042,14.1232136
Via Moncocitto,42.3648077,14.1080399
Via Monte Marmolada,42.4085575,14.1195675
Via Napoli,42.3837908,14.1257425
Via Nazionale,42.4036139,14.1440028
Via N. Marcantonio,42.3627001,14.0878159
Via Padre Pio,42.3637149,14.0890243
Via Pagliette,42.3642525,14.0771694
Via Palermo,42.3780935,14.1192258
Via Papa,42.3541157,14.1006892
Via Penne,42.3714135,14.0610769
Via Perfetti,42.3678733,14.0746844
Via Pescara,42.3839396,14.1234291
Via Piana Molino,42.3639120,14.0561365
Via Piano Ripa,42.3597470,14.0677114
Via Piave,42.3676175,14.0711021
Via Piemonte,42.3933285,14.1425966
Via Pignatelli,42.3879843,14.1303836
Via Po,42.3764203,14.1227403
Via P. Pignatelli,42.3833748,14.1269239
Via Quattroventi,42.3704238,14.0662101
Via Querceto,42.3724909,14.0691065
Via Raffaele D'Ortenzio,42.3646049,14.0732622
Via Ravenna,42.3830369,14.1242411
Via Roma,42.3646474,14.0716209
Via Salvo D'Acquisto,42.3627757,14.0729483
Via San Carlo Borromeo,42.3674121,14.0914026
Via San Martino,42.3513637,14.1069729
Via Santa Cresimata,42.3637542,14.0980652
Via Santa Felicita,42.3536384,14.0986569
Via Sant'Agata,42.3656070,14.1015521
Via Santuccione,42.3633833,14.0960111
Via Sardegna,42.3974621,14.1227504
Via Sibilla Aleramo,42.3434174,14.1111280
Via Sicilia,42.3897283,14.1267109
Via Siracusa,42.3811755,14.1224452
Via S. Rapattoni,42.3719040,14.0600416
Via Stella,42.3678627,14.0622693
Via Tagliamento,42.3516544,14.1097988
Via Tirino,42.3689208,14.1150215
Via Torino,42.3812471,14.1215560
Via Trieste,42.3792271,14.1185648
Via Unesco,42.3602144,14.0667862
Via Val di Nora,42.3568130,14.0625294
Via Valignani,42.3781506,14.1188889
Via Varattiera,42.3653374,14.0677382
Via Veneto,42.3655830,14.0769370
Via Venezia,42.3772786,14.1174166
Via Ventignani,42.3574893,14.0802345
Via Vittorio Veneto,42.3508668,14.1102049
Contrada Torre di Mezzo,42.4280648,13.9073172
Strada Provinciale 80 di Campo Imperatore,42.4039676,13.7712517
Autostrada Adriatica,42.4162305,14.1462426
Contrada Collalto,42.4085488,14.1053187
Contrada San Cosimo,42.4418272,14.0987501
Largo della Chiesa,42.4334234,14.1104752
Piazza Di Marzio,42.4558085,14.1380027
Salita del Torrione,42.4551786,14.1343148
Salita Prepositura,42.4548465,14.1347304
SP 12 Cappelle Caprara,42.4551809,14.0964182
Strada Collepare,42.4543546,14.1297187
Strada comunale Trave,42.4715591,14.1533622
Strada dei Parchi,42.3931453,14.1343557
Strada Provinciale Madonna del Lago,42.4309265,14.0797865
Strada Regionale 16 bis,42.4592518,14.1810080
Strada Statale 714 Tangenziale di Pescara,42.4552467,14.1780666
Strada vicinale Palmerini,42.4705702,14.1449777
Svincolo A25 - A14 direzione Bari,42.4098085,14.1463676
Svincolo A25 - A14 direzione Bologna,42.4127930,14.1484094
Via Abruzzo,42.4581840,14.1914906
Via Adda,42.4304471,14.1638278
Via Adige,42.4256132,14.1596645
Via Alento,42.4272323,14.1570421
Via Alessandro Manzoni,42.4563908,14.1447210
Via Ariosto,42.4539305,14.1419210
Via Arno,42.4307088,14.1640019
Via Aterno,42.4243422,14.1638312
Via Barco,42.4609974,14.1253047
Via Bari,42.4553188,14.1859095
Via Basilea,42.4554123,14.1825538
Via Basilicata,42.4577031,14.1893431
Via Berlino,42.4548093,14.1815868
Via Berna,42.4548408,14.1893658
Via Boccaccio,42.4540099,14.1424657
Via Brecciara,42.4297422,14.1089674
Via Bucciarelli,42.4532805,14.1667204
Via Budapest,42.4568535,14.1842998
Via Cagliari,42.4571539,14.1928808
Via Calabria,42.4574276,14.1900655
Via Casaccio,42.4455090,14.1297955
Via Castellani,42.4386773,14.1576711
Via Catania,42.4560830,14.1890068
Via Cavaticchio,42.4202109,14.1515130
Via Cavour,42.4325491,14.1091022
Via Cecco Angiolieri,42.4574444,14.1534729
Via Cesare Pavese,42.4567277,14.1451465
Via Circolare PIP,42.4192886,14.1471033
Via Claudia,42.4207968,14.1478004
Via Colle Barbone,42.4601032,14.1063003
Via Colle d'Olivo,42.4578416,14.1042435
Via Colle San Giovanni,42.4591462,14.1476561
Via Cosenza,42.4569923,14.1887378
Via Dante,42.4552319,14.1453620
Via Danubio,42.4400398,14.1673287
Via dei Calderai,42.4552706,14.1359352
Via dei Frassini (2° tratto),42.4684341,14.1498012
Via dei Mandorli,42.4576268,14.1061323
Via dei Peschi,42.4551703,14.1000828
Via dei Tigli,42.4639272,14.1257792
Via del Campo Sportivo,42.4513356,14.1411984
Via del Convento,42.4525560,14.1378387
Via della Libertà,42.4301018,14.1174318
Via della Madonnina,42.4529376,14.1305375
Via della Replubblica,42.4330904,14.1112518
Via della Scuola,42.4326591,14.1100568
Via dell'Asilo,42.4556846,14.1384353
Via delle Rose,42.4546758,14.1328647
Via del Mulino,42.4547444,14.1325387
Via del Pozzo,42.4544679,14.1334421
Via del Tratturo,42.4652569,14.1368468
Via Dietro le mura,42.4553889,14.1337695
Via Federico Fellini,42.4528610,14.1835183
Via Fino,42.4242503,14.1546954
Via Firenze,42.4577630,14.1844203
Via Flavia,42.4290120,14.1095914
Via Fontana del Tratturo,42.4645927,14.1317046
Via Fonte Barco,42.4616618,14.1330710
Via Fonte Grande,42.4528296,14.1363448
Via Fonte Vecchia,42.4625464,14.1723081
Via Fornace,42.4604592,14.1143700
Via Francesco Paolo Tosti,42.4549006,14.1432950
Via Francesco Petrarca,42.4546048,14.1431333
Via Francia,42.4595499,14.1808188
Via Gioacchino Di Marzio,42.4554670,14.1392948
Via Giorgio De Pasquale,42.4342073,14.1085757
Via Giotto,42.4551907,14.1405758
Via Giovanni Pascoli,42.4553183,14.1436552
Via Giulia,42.4258903,14.1138931
Via Giuseppangelo Fonzi,42.4549724,14.1366752
Via Giuseppe Garibaldi,42.4523753,14.1117693
Via Giuseppe Parini,42.4571302,14.1450319
Via Gradinata,42.4546522,14.1389340
Via Gran Sasso,42.4246524,14.1578323
Via Indipendenza,42.4342561,14.1098384
Via Iseo,42.4269260,14.1581564
Via Italia,42.4570884,14.1918751
Via Lago di Como,42.4236109,14.1533089
Via Lago di Garda,42.4238200,14.1541438
Via Lago Isoletta,42.4583810,14.1803243
Via Lecce,42.4560687,14.1864703
Viale Europa,42.4541558,14.1886895
Via Leonardo da Vinci,42.4561423,14.1536330
Via Liri,42.4306093,14.1619068
Via Lisbona,42.4546462,14.1813479
Via Londra,42.4531686,14.1842706
Via Luigi Pirandello,42.4540292,14.1444893
Via Majella,42.4160901,14.1530057
Via Marche,42.4582391,14.1888078
Via Mare Adriatico,42.4268881,14.1598655
Via Massera,42.4589943,14.1356765
Via Mattatoio Vecchio,42.4576790,14.1396259
Via Messina,42.4558080,14.1893346
Via Metauro,42.4247009,14.1548696
Via Michetti,42.4560012,14.1445058
Via Mincio,42.4291402,14.1630102
Via Monte Amaro,42.4227060,14.1567853
Via Monte Bianco,42.4186416,14.1190936
Via Monte Camicia,42.4177910,14.1537433
Via Monte Marmolada,42.4085575,14.1195675
Via Monte Miletto,42.4174719,14.1241413
Via Montesecco,42.4574243,14.1437869
Via Montesilvano,42.4547261,14.1734748
Via Monte Sirente,42.4049611,14.1133764
Via Monte Velino,42.4198534,14.1541567
Via Montinope,42.4562072,14.1414457
Via Niccolò Machiavelli,42.4562291,14.1500570
Via Nora,42.4259616,14.1557881
Via Nuoro,42.4574122,14.1931975
Via Oslo,42.4544229,14.1856672
Via Otranto,42.4555945,14.1875508
Via Ovidio,42.4544978,14.1377659
Via Palermo,42.4565574,14.1920895
Via Parigi,42.4554442,14.1856927
Via Perosina,42.4535120,14.1482847
Via Pescara,42.4254494,14.1608037
Via Pescarina,42.4473443,14.1616106
Via Praga,42.4538393,14.1825511
Via Prati,42.4634224,14.1378765
Via Purgatorio,42.4347561,14.1021922
Via Reggio Calabria,42.4565550,14.1888780
Via Ripoli,42.4392969,14.1334542
Via Risorgimento,42.4324827,14.1123025
Via Rubicone,42.4249491,14.1555437
Via Saba,42.4557969,14.1465655
Via Saline,42.4277841,14.1535913
Via San Giovanni,42.4374964,14.1374206
Via Sangro,42.4312475,14.1626591
Via San Rocco,42.4337924,14.1106523
Via Santa Lucia,42.4209412,14.1486779
Via Santa Maria,42.4547216,14.1344153
Via Sardegna,42.4570987,14.1913359
Via Sferella,42.4617150,14.1557683
Via Sicilia,42.4575306,14.1905786
Via Siracusa,42.4558792,14.1903922
Via Sofia,42.4483448,14.1789169
Via Stoccolma,42.4564205,14.1830199
Via Sulmona,42.4551253,14.1730597
Via Taranto,42.4572011,14.1873902
Via Tavo,42.4267991,14.1582360
Via Teramo,42.4571445,14.1765571
Via Tevere,42.4311987,14.1610959
Via Ticino,42.4325444,14.1612140
Via Tirino,42.4233879,14.1590269
Via Torretta,42.4348243,14.1254205
Via Trilussa,42.4560771,14.1465586
Via Tronto,42.4239169,14.1595847
Via Ugo Foscolo,42.4559585,14.1445113
Via Ulderico De Cesaris,42.4533694,14.1436564
Via Ungaretti,42.4568505,14.1445643
Via Unione Europea,42.4549626,14.1408783
Via Valle Carbone,42.4606785,14.1758422
Via Valle D'Aosta,42.4568530,14.1903956
Via Vallerosa,42.4630143,14.1229329
Via Valle Tornello,42.4402563,14.1483123
Via Vasto,42.4566823,14.1766897
Via Veneto,42.4587377,14.1875321
Via Verga,42.4533975,14.1425519
Via Vigna del Re,42.4621684,14.1071684
Via Vittorio De Sica,42.4575910,14.1822282
Via Volturno,42.4260477,14.1542205
Corso Manthonè,42.4614994,14.2128036
Corso Umberto I,42.4711025,14.2076689
Corso Vittorio Emanuele II,42.4716755,14.2043759
Largo Carlo Alberto Dalla Chiesa,42.4892229,14.1794146
Largo dei Frentani,42.4618514,14.2138567
Largo Filomena Delli Castelli,42.4604771,14.2078793
Largo Gardone Riviera,42.4534452,14.2351924
Largo Glauco Torlontano,42.4628845,14.1953817
Largo Madonna dei Sette Dolori,42.4688494,14.1810153
Largo Mediterraneo,42.4736282,14.2114742
Largo Pasquale Baiocchi,42.4609144,14.2229754
Lë Scalettë,42.4731961,14.1981599
Lungofiume dei Poeti,42.4642694,14.2164871
Lungomare Cristoforo Colombo,42.4652858,14.2260483
Lungomare Giacomo Matteotti,42.4702741,14.2167254
Lungomare Papa Giovanni XXIII,42.4570517,14.2361955
Piazza Alcyone,42.4484860,14.2443040
Piazza Antonio Mancini,42.4673372,14.2010523
Piazza Dalmati e Giuliani,42.4633913,14.2095948
Piazza dei Grue,42.4599700,14.2220310
Piazza dei Martiri Pennesi,42.4730955,14.2035280
Piazza della Marina,42.4635854,14.2187306
Piazza della Repubblica,42.4699644,14.2058616
Piazza della Rinascita,42.4722659,14.2090896
Piazza dell'Unione,42.4621833,14.2142520
Piazza del Sacro Cuore,42.4703863,14.2066524
Piazza Duca d'Aosta,42.4644477,14.2128738
Piazza Duca degli Abruzzi,42.4812639,14.1925806
Piazza Emilio Alessandrini,42.4596119,14.2138070
Piazza Ettore Troilo,42.4522308,14.2220356
Piazza Francescopaolo D'Angelosante,42.4556695,14.2148987
Piazza Giuseppe Garibaldi,42.4606937,14.2118345
Piazza Giuseppe Romita,42.4716261,14.1872831
Piazza I Maggio,42.4733603,14.2109179
Piazza Italia,42.4648351,14.2141644
Piazza IV Novembre,42.4870349,14.1832519
Piazza Le Laudi,42.4546428,14.2399322
Piazza Luigi Pierangeli,42.4623807,14.2004483
Piazza Luigi Rizzo,42.4630270,14.2268506
Piazza Martin Luther King,42.4428434,14.2475516
Piazza Michele Muzii,42.4733351,14.2055169
Piazza Nilde Iotti,42.4699922,14.1789994
Piazza Ovidio,42.4532995,14.2199226
Piazza Salvador Allende,42.4559965,14.2102856
Piazza Salvo D'Acquisto,42.4583635,14.2257719
Piazza San Camillo De Lellis,42.4565933,14.2259679
Piazza San Cetteo,42.4599030,14.2127562
Piazza San Francesco,42.4787276,14.2013164
Piazza San Luigi Gonzaga,42.4550740,14.2214047
Piazza Santa Caterina da Siena,42.4726484,14.2045083
Piazza Sant'Andrea,42.4662988,14.2156488
Piazza Spirito Santo,42.4652130,14.2094425
Ponte D'Annunzio,42.4616040,14.2106072
Ponte della Libertà,42.4589693,14.1972056
Ponte del Mare,42.4667458,14.2246781
Ponte Risorgimento,42.4632247,14.2143344
Raccordo Autostradale Chieti-Pescara,42.4173700,14.1717264
Salita Cellini,42.4686008,14.1788784
Salita Cortese,42.4683234,14.1800819
Salita Della Birra,42.4312458,14.2168836
Salita Pandolfi,42.4758555,14.1745643
Salita Quaglietta,42.4685214,14.1797224
Sottopasso Fontanelle,42.4362299,14.1973328
SS 16 dir/C del Porto di Pescara,42.4576778,14.1978369
Strada Calderone,42.4756947,14.1759152
Strada Camerlengo,42.4781414,14.1729808
Strada Casone,42.4386743,14.2345363
Strada Catani,42.4660985,14.1737455
Strada Cavallaro,42.4705576,14.1865423
Strada Cetrullo,42.4437503,14.2221108
Strada Colle Caprino,42.4800613,14.1550699
Strada Colle Carullo,42.4436935,14.2155151
Strada Colle di Mezzo,42.4687666,14.1913065
Strada Colle Falcone,42.4471056,14.2267988
Strada Colle Marino,42.4759856,14.1876864
Strada Colle Pineta,42.4476074,14.2320035
Strada Colle Pizzuto,42.4424463,14.2285411
Strada Colle Renazzo,42.4346258,14.2341678
Strada Colle San Donato,42.4335181,14.2195694
Strada Colle Scorrano,42.4803213,14.1671459
Strada comunale Pescara-Montesilvano,42.4846562,14.1466725
Strada comunale Piana,42.4500472,14.2104750
Strada comunale Trave,42.4715591,14.1533622
Strada da denominare n.26,42.4822286,14.1543173
Strada De Jacobis-Della Torre,42.4743221,14.1800457
Strada della Bonifica,42.4508296,14.2336957
Strada della RAI,42.4329877,14.2397555
Strada delle Casette,42.4336806,14.2019977
Strada del Noceto,42.4286805,14.2152828
Strada del Palazzo,42.4914810,14.1759507
Strada Fonte Borea - Colle del Telegrafo,42.4799154,14.1822478
Strada Fonte Locca,42.4298518,14.2404759
Strada Fosso Cavone,42.4423570,14.1949273
Strada Iacone,42.4749402,14.1881085
Strada Macellara,42.4361897,14.2071833
Strada n. 384 da denominare,42.4685846,14.2029086
Strada Pandolfi,42.4764823,14.1759771
Strada Prati,42.4652429,14.1710447
Strada Provinciale Pescara - San Silvestro,42.4454063,14.2464022
Strada Raiale Vecchia,42.4512380,14.1947120
Strada statale 714 diramazione A Tangenziale di Pescara,42.4477683,14.2438041
Strada statale 714 diramazione Tangenziale di Pescara,42.4903224,14.1693858
Strada Statale 714 Tangenziale di Pescara,42.4781150,14.1667936
Strada Statale dir/C del Porto di Pescara,42.4640146,14.2182065
Strada Valle Ferzetti,42.4735867,14.1604373
Strada Valle Furci,42.4776356,14.1601374
Strada Valle Fuzzina,42.4720093,14.1646195
Strada Vallelunga,42.4414083,14.2323903
Strada vecchia della Madonna,42.4671042,14.1840111
Strada Vecchia Fontanelle,42.4433437,14.2131192
Strada Vecchia San Silvestro,42.4479771,14.2432784
Strada Vicinale Bosco,42.4713327,14.1970321
Strada Vicinale Chiappini,42.4437659,14.2460052
Strada Vicinale Colle Breccia,42.4402235,14.2425110
Strada vicinale Colle Cervone,42.4831964,14.1705849
Strada vicinale Colle Cervone del Palazzo,42.4813538,14.1718596
Strada vicinale Consorte,42.4751402,14.1714612
Strada vicinale Conte Genuino,42.4667960,14.1816741
Strada vicinale del Trappeto,42.4247245,14.2332341
Strada vicinale Francescone,42.4768551,14.1902383
Strada Vicinale Masseria Farina,42.4330291,14.2430430
Strada vicinale Mittiguerra,42.4306405,14.2383428
Strada vicinale Ravignano,42.4789500,14.1696188
Strada vicinale Specchioli,42.4294482,14.2324129
Strada vicinale Torretta,42.4487563,14.1926184
Strada Vicinale Ventre d'Oca,42.4347623,14.2069219
Strada vicinale Villa Cervone,42.4789282,14.1672527
Strada vicinale Villa Scorrano,42.4800023,14.1626857
Strada Zanni,42.4808845,14.1898244
Via Acquacorrente,42.4899368,14.1833442
Via Acquatorbida,42.4347547,14.1969311
Via Adda,42.4475846,14.2004613
Via Albegna,42.4435413,14.1974175
Via Alcide De Gasperi,42.4630878,14.2096771
Via Aldo Moro,42.4436587,14.2070131
Via Alento,42.4525490,14.2151105
Via Alessandro Manzoni,42.4683741,14.2170949
Via Alessandro Tassoni,42.4712594,14.2125595
Via Alessandro Valignani,42.4564202,14.2257576
Via Alessandro Volta,42.4501351,14.2097629
Via Alfonso di Vestea,42.4622099,14.2189868
Via Alfredo Luciani,42.4452752,14.2435997
Via Amatore Sciesa,42.4849004,14.1877608
Via Amerigo Vespucci,42.4612060,14.2202496
Via Ancona,42.4663058,14.2119557
Via Andrea Doria,42.4638601,14.2193834
Via Aniene,42.4488568,14.1984910
Via Antonio Caponetti,42.4923206,14.1797461
Via Antonio De Nino,42.4553207,14.2249081
Via Antonio Gramsci,42.4717024,14.2126891
Via Antonio Lo Feudo,42.4508921,14.2188010
Via Antonio Paolemilio,42.4853736,14.1828852
Via Antonio Tripoti,42.4875223,14.1833571
Via Anton Ludovico Antinori,42.4601004,14.2312164
via Arapietra,42.4679141,14.1986789
Via Arapietra,42.4679431,14.2001453
Via Aremogna,42.4681880,14.2022680
Via Aride Breviglieri,42.4450234,14.1982920
Via Armando Diaz,42.4824409,14.1933314
Via Arnaldo da Brescia,42.4577783,14.2128672
Via Arrone,42.4457133,14.1999544
Via Aso,42.4482487,14.1997613
Via Aspromonte,42.4881343,14.1862468
Via Aterno,42.4606259,14.2091461
Via Attilio Monti,42.4603790,14.2130689
Via Aurelio Saffi,42.4748383,14.2011135
Via Avello,42.4583020,14.2012311
Via Avezzano,42.4651188,14.2156113
Via Balilla,42.4698334,14.2156702
Via Bardet,42.4624849,14.2220870
Via Bari,42.4689058,14.2122933
Via Baricello,42.4516247,14.1933199
Via Basento,42.4462004,14.2133296
Via Basilio Cascella,42.4527067,14.2297647
Via Beato Angelico,42.4727832,14.2020209
Via Beato Nunzio Sulprizio,42.4590027,14.2293295
Via Benedetto Croce,42.4566993,14.2244635
Via Berardino Conti,42.4585011,14.2294964
Via Bernardo Brandizio (1° tratto),42.4920090,14.1756364
Via Bernardo Brandizio (2° tratto),42.4913564,14.1743751
Via Biferno,42.4456186,14.2045619
Via Bindi,42.4737759,14.1735958
Via Bologna,42.4675026,14.2137279
Via Brunelleschi,42.4785149,14.1950914
Via Bruno Buozzi,42.4669413,14.2200517
Via Cabiria,42.4437424,14.2469987
Via Caduta del Forte,42.4635892,14.2100998
Via Caduti di Nassirya,42.4660194,14.1989422
Via Caduti per Servizio,42.4302440,14.2010831
Via Caduti sul Lavoro,42.4754123,14.2011306
Via Calabria,42.4651140,14.2133026
Via Campania,42.4684511,14.2124682
Via Campobasso,42.4642074,14.2123746
Via Campo Felice,42.4687794,14.1745293
Via Canonico,42.4740718,14.1890751
Via Canova,42.4744841,14.1982847
Via Caravaggio,42.4812447,14.1896326
Via Carlo Alberto Dalla Chiesa,42.4887032,14.1808894
Via Carlo Altobelli,42.4604980,14.2231936
Via Carlo De Meis,42.4595590,14.2267988
Via Carlo Pisacane,42.4801272,14.1960370
Via Carlo Poerio,42.4720220,14.2057452
Via Cascella,42.4519501,14.2292479
Via Castellamare Adriatico,42.4828549,14.1931821
Via Catania,42.4653922,14.2108906
Via Catone,42.4612640,14.2119318
Via Catullo,42.4616580,14.2149052
Via Cavaliere,42.4356049,14.2013333
Via Cavour,42.4827985,14.1951470
Via Cecco Angiolieri,42.4611440,14.2141215
Via Celestino Delfino Spiga,42.4735556,14.2011876
Via Celestino V,42.4459970,14.2215678
Via Centorame,42.4700205,14.1919545
Via Cerrano,42.4595116,14.2046366
Via Cervone,42.4784952,14.1691019
Via Cesare Battisti,42.4718609,14.2067112
Via Cesare Beccaria,42.4685138,14.2179088
Via Cesare De Lollis,42.4464605,14.2419132
Via Cesare De Titta,42.4539326,14.2358875
Via Cetteo Ciglia,42.4548594,14.2104034
Via Chienti,42.4500898,14.2054409
Via Chieti,42.4643593,14.2108333
Via Ciattoni,42.4681228,14.1882524
Via Cigno,42.4553169,14.2070201
Via Cincinnato,42.4607314,14.2135612
Via Cipriani,42.4719944,14.1757660
Via Ciro Menotti,42.4860078,14.1879512
Via Clemente De Cesaris,42.4732064,14.2073202
Via Clitunno,42.4367664,14.2087008
Via Cola dell'Amatrice,42.4599958,14.2242482
Via Colle dell'Orso,42.4586944,14.2026834
Via Colle di Vallevona,42.4684130,14.1904864
Via Colle Innamorati,42.4647345,14.1810611
Via Colle Paradiso,42.4767865,14.1779886
Via Conte di Ruvo,42.4607044,14.2144432
Via Corfinio,42.4613141,14.2126962
Via Corno Grande,42.4662601,14.1962244
Via Corno Piccolo,42.4599834,14.1930065
Via Corradino D'Ascanio,42.4556848,14.2245229
Via Costantino Barbella,42.4577456,14.2315034
Via Crisologo,42.4785555,14.1709901
Via Cristoforo Basile,42.4581636,14.2286552
Via Curtatone,42.4727110,14.2074139
Via Daniele Manin,42.4855633,14.1922574
Via Dante,42.4700464,14.2144617
Via degli Aprutini,42.4603010,14.2114764
Via degli Equi,42.4538149,14.2185136
Via dei Bastioni,42.4611282,14.2132613
Via dei Frassini (2° tratto),42.4684341,14.1498012
Via dei Gracchi,42.4578005,14.2193573
Via dei Marrucini,42.4607987,14.2153969
Via dei Marsi,42.4573472,14.2177561
Via dei Peligni,42.4582413,14.2180744
Via dei Pretuzi,42.4547151,14.2232496
Via dei Sabini,42.4584493,14.2170948
Via dei Sanniti,42.4588892,14.2146251
Via dei Teatini,42.4569218,14.2188356
Via del Bagno Borbonico,42.4638961,14.2107164
Via del Circuito,42.4585960,14.1935381
Via del Concilio,42.4656015,14.2141852
Via Del Greco,42.4778975,14.1708183
Via della Chiesa,42.4349024,14.2360831
Via della Fornace Bizzarri,42.4471501,14.2198620
Via della Polveriera,42.4482098,14.2234533
Via delle Caserme,42.4611615,14.2111225
Via delle Fornaci,42.4874080,14.1810941
Via dell'Emigrante,42.4905334,14.1763512
Via del Milite Ignoto,42.4776991,14.1996290
Via del Nuovo Tiro a Segno,42.4473954,14.1990969
Via del Porto,42.4628783,14.2156987
Via del Santuario,42.4713134,14.2001814
Via Di Carlo,42.4746543,14.1724917
Via Di Francesco,42.4748207,14.1754764
Via Di Girolamo,42.4702323,14.1891010
Via Di Niso,42.4337046,14.2351644
Via di Sotto,42.4765337,14.1719383
Via di Villa Basile,42.4734241,14.1952188
Via Donatello,42.4777677,14.1959884
Via Donato Bramante,42.4721577,14.2027319
Via Donato D'Arcangelo,42.4606881,14.2278849
Via Don Domenico Marulli,42.4901300,14.1801816
Via Don Enrico Tazzoli,42.4852389,14.1874534
Via Don Minzoni,42.4688194,14.2182980
Via Don Pasquale Brandano,42.4618528,14.2199303
Via Edmondo De Amicis,42.4732189,14.2041574
Via Edoardo Scarfoglio,42.4517297,14.2408812
Via Elettra,42.4534026,14.2278487
Via Emanuele Di Simone,42.4886353,14.1778012
Via Emidio Antico,42.4929300,14.1791098
Via Emilia,42.4691069,14.2079484
Via Ennio Flaiano,42.4609186,14.2124765
Via Enrico Dandolo,42.4911142,14.1788640
Via Enrico Fermi,42.4662496,14.2201384
Via Enrico Jasonni (primo tratto),42.4594278,14.2285569
Via Enrico Jasonni (secondo tratto),42.4586952,14.2295775
Via Enrico Toti,42.4809237,14.1994858
Via Enzo Ferrari,42.4658131,14.2065419
via Enzo Tortora,42.4499162,14.2079025
Via Ermete Brandimarte,42.4783911,14.1980771
Via Eugenia Ravasco,42.4789211,14.1975274
Via Fabiani,42.4794320,14.1709460
Via Fabio Filzi,42.4800593,14.2006367
Via Fabrizio De Andrè,42.4443596,14.2513490
Via famiglia Carota,42.4801005,14.1618954
Via Farfengo,42.4584874,14.2014969
Via Fedele Fenaroli,42.4589155,14.2277852
Via Fedele Romani,42.4745997,14.2047259
Via Federico Caffe,42.4418105,14.2488689
Via Fedra,42.4516519,14.2306771
Via Felice Barnabei,42.4607764,14.2298072
Via Feltrino,42.4380580,14.1966218
Via Ferdinando Magellano,42.4621649,14.2218942
Via Fidia,42.4572905,14.2194481
Via Filandro Orsini,42.4877291,14.1823689
Via Filippo La Noce,42.4904791,14.1799618
Via Filippo Masci,42.4607110,14.2181166
Via Filippo Palizzi,42.4548531,14.2357581
Via Filippo Turati,42.4687713,14.2156113
Via Fiora,42.4467822,14.1934315
Via Firenze,42.4672680,14.2121951
Via Fiume Verde,42.4546105,14.1956186
Via Fontanelle,42.4368676,14.1958052
via Fonte Borea,42.4838307,14.1825360
Via Fontecchio,42.4401582,14.2150412
Via Fonte Romana,42.4625475,14.1976051
via Forca Caruso,42.4674758,14.1976067
Via Forca d'Acero,42.4642397,14.2014207
Via Forca di Penne,42.4652592,14.2071193
Via Fortore,42.4511750,14.2061649
Via Francesco De Blasiis,42.4609545,14.2249047
Via Francesco De Sanctis,42.4709074,14.2131120
Via Francesco Ferdinando D'Avalos,42.4592976,14.2262443
Via Francesco Filomusi Guelfi,42.4581862,14.2244712
Via Francesco Paolo D'Annunzio,42.4412273,14.2478532
Via Francesco Petrarca,42.4700934,14.2152688
Via Francesco Tedesco,42.4610450,14.2227358
Via Francesco Verrotti,42.4609455,14.2261170
Via Francia,42.4636238,14.1791624
Via Fratelli Bandiera,42.4747233,14.2039066
Via Fratelli D'Angelo,42.4847115,14.1916854
Via Fucino,42.4687354,14.2019952
Via Gabriele D'Annunzio,42.4604445,14.2118534
Via Gabriele Rossetti,42.4602871,14.2238718
Via Galileo Galilei,42.4714959,14.2122044
Via Gallero,42.4579095,14.2000062
Via Gaspare Segantini,42.4811182,14.1919517
Via Gaspari,42.4369524,14.2363104
Via Genova,42.4683459,14.2095459
Via Giacomo Leopardi,42.4681625,14.2181563
Via Giacomo Puccini,42.4668737,14.2179954
Via Giambattista Polacchi,42.4604607,14.2235502
Via Gian Lorenzo Bernini,42.4838155,14.1874460
Via Giannina Milli,42.4573037,14.2224894
Via Giardino,42.4508185,14.2001881
Via Gioacchino da Fiore,42.4514112,14.2186270
Via Gioacchino Rossini,42.4681881,14.2175196
Via Giorgio Amendola,42.4328556,14.1911254
Via Giorgione,42.4798615,14.1877325
Via Giosuè Borsi,42.4859319,14.1889163
Via Giosuè Carducci,42.4715765,14.2118322
Via Giotto,42.4731410,14.2016988
Via Giovanni Boccaccio,42.4706825,14.2147344
Via Giovanni Caboto,42.4627885,14.2166276
Via Giovanni Chiarini,42.4577858,14.2260966
Via Giovanni Da Verazzano,42.4633031,14.2276423
Via Giovanni De Berardinis,42.4568898,14.2266515
Via Giovanni De Caesaris,42.4576284,14.2291611
Via Giovanni Falcone e Paolo Borsellino,42.4511798,14.2266312
Via Giovanni Mezzanotte,42.4603795,14.2298798
Via Giovanni Pisano,42.4769671,14.1969452
Via Giovanni Spadolini,42.4527009,14.1940947
Via Giulio De Petra,42.4609085,14.2251278
Via Giulio Mazzarino,42.4571702,14.2241962
Via Giuseppangelo Fonzi,42.4594507,14.2249417
Via Giuseppe D'Albenzio,42.4453743,14.2448791
Via Giuseppe Di Vittorio,42.4807407,14.1924026
Via Giuseppe Falcucci,42.4742923,14.1910046
Via Giuseppe Mazzini,42.4736125,14.2091720
Via Giuseppe Misticoni,42.4563813,14.2148077
Via Giuseppe Parini,42.4714704,14.2110532
Via Giuseppe Toppeta,42.4896085,14.1771422
Via Giuseppe Verdi,42.4661397,14.2200825
Via Giuseppe Verrotti,42.4930381,14.1750827
Via Giustino De Cecco,42.4567409,14.2153047
Via Gizio,42.4558074,14.1995979
Via Goffredo Mameli,42.4875079,14.1869531
Via Goito,42.4726673,14.2071624
via Goldoni,42.4697114,14.2136915
Via Gole di Celano,42.4687111,14.1893327
Via Gole di San Venanzio,42.4617157,14.1970868
Via Gran Sasso,42.4640990,14.2076015
Via Guglielmo Oberdan,42.4798392,14.1963947
Via Ignazio Silone,42.4500951,14.2410190
Via Ilaria Alpi,42.4588958,14.2078941
Via Imele,42.4526660,14.2029019
Via Indro Montanelli,42.4657263,14.1853787
Via Isonzo,42.4769892,14.2046817
Via Italia,42.4570884,14.1918751
Via Italica,42.4588427,14.2152509
Via Italo De Sanctis,42.4457369,14.2475041
Via La Figlia di Iorio,42.4559493,14.2370250
Via Lago Cerviello,42.4558302,14.1956146
Via Lago dell'Anetra,42.4527921,14.2033134
Via Lago della Rocca,42.4519147,14.1982953
Via Lago del Turano,42.4504622,14.2014850
Via Lago di Bolsena,42.4460405,14.2193607
Via Lago di Borgiano,42.4527068,14.1986103
Via Lago di Bracciano,42.4462545,14.2198790
Via Lago di Caldarola,42.4481446,14.1988505
Via Lago di Campotosto,42.4554997,14.2126968
Via Lago di Canterno,42.4568515,14.2046303
Via Lago di Capestrano,42.4514082,14.2040845
Via Lago di Chiusi,42.4473396,14.1960166
Via Lago di Civita,42.4427604,14.2154547
Via Lago di Collepietro,42.4576385,14.2019872
Via Lago di Garda,42.4328725,14.2371298
Via Lago di Giulianello,42.4584716,14.2046312
Via Lago di Martignano,42.4461563,14.2327018
Via Lago di Navelli,42.4528068,14.1959075
Via Lago di Nemi,42.4545037,14.2029966
Via Lago di Paola,42.4477364,14.1988880
Via Lago di Piediluco,42.4564268,14.2040754
Via Lago di Posta,42.4556270,14.2031477
Via Lago Di Provvidenza,42.4323792,14.2354945
Via Lago di Scandarello,42.4515887,14.1984012
Via Lago di Scanno,42.4605605,14.2111037
Via Lago d'Iseo,42.4498885,14.2027467
Via Lago di Varano,42.4488991,14.2264276
Via Lago Isoletta,42.4505529,14.2335733
Via Lago Maggiore,42.4320651,14.2372818
Via Lago Negro,42.4392330,14.2164673
Via Lago Sant'Angelo,42.4459202,14.2048187
Via Lago Trasimeno,42.4464573,14.2021410
Via Lago Vivo,42.4398985,14.2057832
Via Lamarmora,42.4754253,14.2031426
Via Lancianese,42.4744969,14.1768930
Via Lanciano,42.4668099,14.2088289
Via Lanzo,42.4452074,14.2118350
Via L'Aquila,42.4658565,14.2099355
Via Latina,42.4645567,14.2099150
Via Lazio,42.4660087,14.2166845
Viale Alcione,42.4409970,14.2582045
Viale Aldo Moro,42.5014592,14.1773988
Viale Antonelli,42.4517167,14.2371711
Viale Antonio Sabucchi,42.4784777,14.2034607
Viale della Liberazione,42.4998207,14.1739302
Viale della Pineta,42.4530714,14.2346612
Viale della Riviera,42.4752386,14.2086436
Viale Francesco Paolo Michetti,42.4536981,14.2387057
Viale Francesco Paolo Tosti,42.4532501,14.2401452
Viale Giovanni Bovio,42.4732997,14.2028444
Via Legnago,42.4850891,14.1919236
Viale Guglielmo Marconi,42.4628062,14.2148713
Viale Kennedy,42.4822932,14.1970311
Viale Leopoldo Muzii,42.4747223,14.2029383
Via Le Mainarde,42.4624015,14.2033894
Via Leonardo da Vinci,42.4744269,14.2001267
Viale Paolo De Cecco,42.4495190,14.2440652
Viale Pindaro,42.4534163,14.2199538
Viale Primo Vere,42.4476599,14.2490458
Viale Regina Elena,42.4755620,14.2067515
Viale Regina Margherita,42.4771813,14.2031726
Viale Teofilo Patini,42.4523613,14.2413727
Viale Vittoria Colonna,42.4594883,14.2147952
Viale Vittorio Pepe,42.4554770,14.2269976
Via Liguria,42.4711288,14.2094893
Via Liri,42.4473740,14.2005052
Via Luca Da Penne,42.4612457,14.2223595
Via Lucania,42.4679488,14.2143562
Via Luciani,42.4457299,14.2428184
Via Lucio Valerio,42.4600717,14.2111480
Via Ludovico Ariosto,42.4700500,14.2144724
Via Luigi Anelli,42.4459763,14.2488227
Via Luigi Antonelli,42.4500819,14.2392692
Via Luigi Cadorna,42.4831737,14.1931240
Via Luigi Marchetti,42.4524000,14.2302501
Via Luigi Polacchi,42.4427929,14.2452579
Via Luigi Settembrini,42.4828667,14.1937884
Via Luisa D'Annunzio,42.4539405,14.2375816
Via Luisa Molines Sanfelice,42.4891049,14.1821438
Via Lungaterno Sud,42.4631605,14.2158437
Via Macerone,42.4637615,14.1862820
Via Maestri del Lavoro d'Italia,42.4726287,14.1896032
Via Mafalda di Savoia,42.4844993,14.1906814
Via Maiella,42.4640503,14.2064727
Via Maielletta,42.4665448,14.1920971
Via Mantegna,42.4818138,14.1911520
Via Mantini,42.4853117,14.1840459
Via Marco Minghetti,42.4734399,14.2070210
Via Marco Polo,42.4634030,14.2185175
Via Marino da Caramanico,42.4597748,14.2192251
Via Marsala,42.4762139,14.2026449
Via Martiri Angolani,42.4773245,14.2026396
Via Martiri di Cefalonia,42.4914727,14.1813493
Via Martiri di Pietransieri,42.4464487,14.2281687
Via Marzoli,42.4764632,14.1707891
Via Masaccio,42.4758285,14.1983545
Via Matese,42.4647065,14.2011774
Via Matilde Serao,42.4517285,14.2321687
Via Melchiorre Delfico,42.4588559,14.2209529
Via Melfa,42.4549508,14.2021924
Via Merope,42.4516352,14.2326951
Via Messina,42.4675797,14.2086986
Via Metauro,42.4486401,14.1987556
Via Michelangelo,42.4704742,14.2011872
Via Michelangelo Castagna,42.4760823,14.2012361
Via Michelangelo Forti,42.4712210,14.2060992
Via Milano,42.4679202,14.2100675
Via Modesto Della Porta,42.4546565,14.2368735
Via Molino,42.4266849,14.1845967
Via Mollo,42.4522226,14.1981462
Via Montanara,42.4864916,14.1882616
Via Monte Acquaviva,42.4656930,14.1930444
Via Monte Amaro,42.4684887,14.2008934
Via Monte Bolza,42.4646147,14.1950205
Via Monte Bove,42.4608951,14.1938953
Via Monte Cairo,42.4633927,14.1829551
Via Monte Camicia,42.4626470,14.2066769
Via Monte Carmelo,42.4446691,14.2415092
Via Monte Civitella,42.4671928,14.1911134
Via Monte Corvo,42.4673259,14.1955014
Via Monte dei Fiori,42.4729338,14.1897762
Via Monte Faito,42.4627818,14.1953038
Via Monte Gorzano,42.4684278,14.1931837
Via Monte Luco,42.4684506,14.1893135
Via Monte Marsicano,42.4725836,14.1939097
Via Monte Midia,42.4732424,14.1935180
Via Monte Pagano,42.4639224,14.1915417
via Monte Petroso,42.4680243,14.1944088
Via Monte Petroso,42.4679689,14.1949034
Via Monte Pratello,42.4639385,14.1812049
Via Monte Romanella,42.4724161,14.1945942
Via Monte Rotella,42.4667258,14.1974716
Via Monte Rotondo,42.4706452,14.1761428
Via Monte Secine,42.4667157,14.1918277
Via Monte Siella,42.4646640,14.2033920
Via Monte Sirente,42.4430201,14.2530324
Via Monte Viglio,42.4643609,14.1843455
Via Monti Aurunci,42.4644036,14.2003245
Via Monti Ausoni,42.4701214,14.1992362
Via Monti di Campli,42.4652760,14.1828819
Via Monti Simbruini,42.4696072,14.1936438
Via Morrone,42.4605407,14.1921238
Via Musone,42.4421766,14.2105001
Via Muzio Attendolo Sforza,42.4527544,14.2258118
Via Muzio Pansa,42.4593305,14.2255239
Via n° 382 da denominare,42.4763878,14.1690186
Via Napoli,42.4654971,14.2099611
Via Nazionale Adriatica nord,42.4850258,14.1886162
Via Nazionale Adriatica Nord,42.4888297,14.1834847
Via Nazionale Adriatica Sud,42.4462841,14.2453068
Via Nera,42.4480217,14.1993538
Via Neto,42.4447699,14.2122062
Via Niccolò Tommaseo,42.4751921,14.2041113
Via Nicola da Guardiagrele,42.4602608,14.2187200
Via Nicola Fabrizi,42.4696766,14.2126896
Via Nicola Moscardelli,42.4504621,14.2315813
Via Nicola Pavone e Alfredo Bassani,42.4700507,14.2029220
Via Nino Bixio,42.4777166,14.1989921
Via Nino Sospiri,42.4730600,14.1919305
Via Nora,42.4572156,14.2059974
Via Notturno,42.4491115,14.2316744
Via Ofanto,42.4485030,14.2226417
Via Olpeta,42.4419689,14.2126352
Via Ombrone,42.4451538,14.1962943
Via Orazio,42.4586038,14.2121358
Via Orfento,42.4539637,14.1954819
Via Orta,42.4540575,14.2032166
Via Ortona,42.4675264,14.2096736
Via Osento,42.4542126,14.2061405
Via Ostuni,42.4654119,14.2150454
Via Palermo,42.4677751,14.2127082
Via Palestro,42.4838438,14.1906952
Via Palmerini,42.4711050,14.1764748
Via Parco Nazionale d'Abruzzo,42.4693759,14.1999923
Via Parisina,42.4436559,14.2476364
Via Pasquale Celommi,42.4462760,14.2457401
Via Pasquale Coppa Zuccari,42.4605116,14.2191962
Via Passo della Portella,42.4668166,14.1970474
Via Passo delle Capannelle,42.4598701,14.1931258
Via Passo La Croce,42.4681138,14.1920604
Via Passolanciano,42.4665237,14.2018967
Via Passo San Leonardo,42.4610224,14.1918988
Via Pavone,42.4789892,14.1639099
Via P.C. Zuccari - II tratto,42.4591802,14.2205924
Via Perugia,42.4666528,14.2148548
Via Pesaro,42.4641847,14.2116153
Via Peschiera,42.4863483,14.1778566
Via Petronio,42.4618609,14.2136275
Via Piana di Voltigno,42.4662892,14.1832006
Via Pian delle Mele,42.4604603,14.1934195
Via Piave,42.4715336,14.2071322
Via Piccianese,42.4356752,14.2007233
Via Pier Fortunato Calvi,42.4864039,14.1814270
Via Piero Gobetti,42.4662529,14.2169675
Via Pierpaolo Pasolini,42.4914956,14.1820665
Via Pietro Maroncelli,42.4809130,14.1980752
Via Pietro Nenni,42.4457700,14.2074253
Via Pineta di Roio,42.4648532,14.1867532
Via Piomba,42.4558564,14.2074354
Via Pisa,42.4670086,14.2085104
Via Pizzoferrato,42.4713671,14.1981372
Via Plauto,42.4515296,14.2274552
Via Po,42.4436760,14.2073077
Via Pollione,42.4534993,14.2239540
Via Primo Riccitelli,42.4532101,14.2305155
Via Properzio,42.4605635,14.2123005
Via Puglie,42.4670445,14.2149951
Via Punta Penna,42.4602134,14.1919341
Via Quarto dei Mille,42.4722273,14.2050316
Via Raffaele D'Ortensio,42.4580641,14.2269853
Via Raffaele La Porta,42.4706291,14.1960010
Via Raffaele Malagrida,42.4634659,14.2007484
Via Raffaele Paolucci,42.4661892,14.2211731
Via Raffaele Rossetti,42.4625398,14.2273738
Via Raffaello,42.4757994,14.1976121
Via Ragazzi del '99,42.4791872,14.2019022
Via Raiale,42.4400338,14.1844648
Via Ramiro Ortiz,42.4589188,14.2261080
Via Rava,42.4552073,14.2022503
Via Ravasco,42.4798843,14.1983676
Via Ravenna,42.4683584,14.2111540
Via Remo Ronchitelli,42.4651418,14.1779055
Via Renato Berardinucci,42.4791613,14.2002169
Via Renato Paolini,42.4638010,14.1997025
Via Renzetti,42.4779738,14.1667316
Via Rieti,42.4645766,14.2097735
Via Rigopiano,42.4661021,14.1966181
Via Rio Arno,42.4618679,14.1978900
Via Rio Sparto,42.4441626,14.2102475
Via Rocco Carabba,42.4562734,14.2271155
Via Roma,42.4702967,14.2086906
Via Romualdo Pantini,42.4495954,14.2377260
Via Ronchi,42.4806946,14.1953615
Via Rubicone,42.4927941,14.1811347
Via Ruggero Settimo,42.4859320,14.1903760
Via Sacco,42.4563018,14.2028663
Via Sagittario,42.4597969,14.2084597
Via Salara Vecchia,42.4481129,14.2047239
Via Saline,42.4595039,14.2094349
Via Salinello,42.4468794,14.2056192
Via Sallustio,42.4559284,14.2161749
Via Salvatore Tommasi,42.4605211,14.2300841
Via San Donato,42.4448455,14.2154281
Via Sandro Botticelli,42.4719223,14.2021661
Via San Francesco d'Assisi,42.4534637,14.2196744
Via Sangro,42.4587525,14.2078754
Via San Josemaria Escrivà,42.4694306,14.1975554
Via San Luigi Orione,42.4558591,14.1981448
Via San Marco,42.4409104,14.2091904
Via San Martino,42.4855010,14.1896681
Via San Pio da Pietrelcina,42.4449126,14.2471332
Via Santina Campana,42.4647304,14.1796841
Via Sava,42.4511427,14.1948828
Via Savonarola,42.4582907,14.2195147
Via Sella di Corno,42.4670866,14.1941305
Via Selva degli Abeti,42.4703203,14.1699845
Via Seneca,42.4543239,14.2181390
Via Serchia,42.4926971,14.1802640
Via Serra Lunga,42.4807234,14.1719863
Via Siena,42.4698233,14.2098456
Via Silvio Pellico,42.4759190,14.2021577
Via Silvio Spaventa,42.4589254,14.2230624
Via Sisto,42.4401998,14.2095624
Via Socrate,42.4560764,14.2185667
Via Solferino,42.4857566,14.1932563
Via Spalti del Re,42.4623686,14.2109583
Via Spartaco,42.4558830,14.2200201
Via Staina,42.4580598,14.2003508
Via Stefano Tinozzi,42.4551937,14.2257202
Via Stradonetto,42.4523501,14.1956081
Via Sulmona,42.4714678,14.2088754
Via Tatonetti,42.4786165,14.1657924
Via Tavo,42.4553004,14.2065364
Via Teofilo D'Annunzio,42.4590411,14.2286577
Via Teramo,42.4664181,14.2087475
Via Terra Vergine,42.4471613,14.2339945
Via Tesino,42.4372917,14.2039801
Via Tevere,42.4449900,14.2041565
Via Teverone,42.4450770,14.2124094
Via Thaon di Revel,42.4633018,14.2269865
Via Tiberi,42.4694418,14.1833597
Via Tibullo,42.4556367,14.2220925
Via Tiburtina Valeria,42.4286284,14.1875209
Via Tiepolo,42.4822681,14.1902314
Via Tintoretto,42.4791326,14.1943402
via Tirino,42.4498861,14.2245000
Via Tirino,42.4485379,14.2213527
Via Tito Speri,42.4870507,14.1868432
Via Tiziano,42.4717175,14.2011397
Via Tommaso da Celano,42.4549574,14.2235079
Via Torquato Tasso,42.4693088,14.2147423
Via Toscana,42.4664280,14.2082378
Via Tosto,42.4742704,14.1729367
Via Trento,42.4706484,14.2082410
Via Trieste,42.4701382,14.2110504
Via Trigno,42.4585167,14.2083733
Via Trilussa,42.4705556,14.2136661
Via Tronto,42.4581907,14.2064774
Via Turano,42.4572974,14.2050525
Via Ugo Foscolo,42.4689413,14.2169731
Via Ugo La Malfa,42.4725674,14.1879012
Via Umbria,42.4694685,14.2111859
Via Valle di Rose,42.4659786,14.1880200
Via Valle di San Mauro,42.4663263,14.1887579
Via Valle Roveto,42.4609484,14.1998287
Via Valleverde,42.4680036,14.2028815
Via Varo,42.4936327,14.1839537
Via Vasco De Gama,42.4616704,14.2217031
Via Velino,42.4385757,14.2052243
Via Vella,42.4548359,14.2034985
Via Venezia,42.4667173,14.2140310
Via Venna,42.4568660,14.2006061
Via Verrino,42.4549234,14.2045614
Via Vespucci,42.4277511,14.1879662
Via Vezza,42.4453732,14.2127061
Via Vezzola,42.4547873,14.2065969
Via Vibrata,42.4445144,14.2164627
Via Vicentino Michetti,42.4373048,14.2047567
Via Villalago,42.4630947,14.1935153
Via Villetta Barrea,42.4593021,14.1916889
Via Vincenzo Cerulli,42.4600311,14.2261549
Via Vincenzo Gioberti,42.4823717,14.1962986
Via Vincenzo Muccioli,42.4260472,14.1825664
Via Virgilio,42.4549933,14.2221290
Via Vittorio Veneto,42.4794563,14.1968610
Via Volturno,42.4763807,14.2027560
Via XX settembre,42.4900080,14.1808536
Via Zara,42.4804751,14.2000786
Vicolo Arabona,42.4564065,14.1982357
Vicolo Aventino,42.4569581,14.1993050
Vicolo Foro,42.4574648,14.2003398
Vicolo Mambella,42.4716042,14.1625921
Vicolo Mavone,42.4589204,14.2030711
Vicolo Moro,42.4581640,14.2022347
Contrada bivio Casone,42.4495886,14.0761434
Contrada Casale,42.4178547,14.0514409
Contrada Pischiarano,42.4217245,14.0408211
Contrada San Cosimo,42.4418272,14.0987501
Contrada Sterparo dei Santi,42.4242193,14.0702379
Contrada Vertilina,42.4396285,14.0823872
Largo Giuseppe Garibaldi,42.4284289,14.0555584
Piazza della Pietà,42.4273018,14.0515029
SP 12 Cappelle Caprara,42.4551809,14.0964182
Strada Comunale Senarica,42.4463583,14.0771381
Strada privata Colle Passeri,42.4581972,14.0949315
Strada Provinciale Madonna del Lago,42.4309265,14.0797865
Strada Provinciale Moscufo - Pianella,42.4352334,14.0603165
Via Alcide De Gasperi,42.4253540,14.0528370
Via Aldo Moro,42.4278677,14.0537923
Via Alessandro Manzoni,42.4263287,14.0558749
Via Aterno,42.4478718,14.0668955
Via Camillo Benso Conte di Cavour,42.4283409,14.0548367
Via Castello,42.4281536,14.0536859
Via Colle Passeri,42.4588462,14.0960492
Via della Repubblica,42.4285792,14.0543542
Via del Lavoro,42.4545288,14.0868855
Via delle Zite,42.4279331,14.0541357
Via Giacomo Leopardi,42.4268992,14.0530174
Via Giosuè Carducci,42.4259187,14.0554706
Via Giovanni Boccaccio,42.4245301,14.0566649
Via Giovanni Pascoli,42.4239508,14.0627857
Via Giuseppe Mazzini,42.4250401,14.0516938
Via Giuseppe Verdi,42.4296140,14.0596077
Via l'Aquila,42.4554683,14.0831352
Viale Cristoforo Colombo,42.4520927,14.0696837
Viale della Libertà,42.4497117,14.0685484
Viale Ennio Flaiano,42.4267413,14.0570643
Viale Europa,42.4270252,14.0552029
Viale Gabriele D'Annunzio,42.4274425,14.0573089
Viale John Fitzgerald Kennedy,42.4566804,14.0820119
Via Leonardo da Vinci,42.4198697,14.0551158
Via Michelangelo,42.4266451,14.0511042
Via Orientale,42.4278934,14.0538193
Via Parini,42.4303269,14.0608063
Via Po,42.4479671,14.0684010
Via Puccini,42.4299673,14.0596979
Via Raffaele Camiscia,42.4569144,14.0754813
Via Raffaello,42.4272439,14.0509005
Via Roma,42.4289732,14.0569975
Via Salvatore Quasimodo,42.4277124,14.0567827
Via San Francesco d'Assisi,42.4443703,14.0669714
Via Sardegna,42.4542177,14.0752134
Via Staffieri,42.4602180,14.0915051
Via Tiziano,42.4290032,14.0458212
Via Troiani,42.4546695,14.0961935
Via Ugo Foscolo,42.4304062,14.0653333
Via Vico D'Ercole,42.4285219,14.0552353
Contrada Ferrauto,42.4538878,13.9907512
Piazza Duca degli Abruzzi,42.4761383,13.9889197
Via Guglielmo Marconi,42.4738471,13.9917651
Via Po,42.4927447,13.9907487
Via Vittorio Emanuele III,42.4754696,13.9903681
Borgo Ferretti,42.4741838,14.0750679
Contrada Bastioni,42.4920305,14.0003175
Contrada Ferrauto,42.4538878,13.9907512
Contrada Fonte,42.4547394,14.0079787
Contrada Fonte Sgobbo,42.4557198,14.0013734
Contrada Gallo,42.4444460,14.0329180
Contrada Piano di Sacco,42.4909970,14.0107777
Contrada Raieta,42.4512430,14.0261083
Piazza della Stazione,42.4430247,14.0441724
Strada delle Querce,42.4725768,14.0811034
Strada delle Vigne,42.4662548,14.0423420
Strada del Trenino,42.4398276,14.0400106
Via A. Dante,42.4727517,14.0850711
Via Arno,42.4753250,14.0426578
Via Aterno,42.4728939,14.0222344
Via Bassino Casamarte,42.4678425,14.0611240
Via Campotino,42.4684427,14.0746621
Via Castelluccio,42.4565299,14.0535454
Via Colle Paradiso,42.4712641,14.0529778
Via Congiunti,42.4747240,14.0856833
Via degli Orti,42.4533203,14.0635492
Via del Lago,42.4652380,14.0717245
Via dell'Artigianato,42.4686302,14.0865661
Via Fino,42.4788715,14.0357886
Via Fonte del Fico,42.4467111,14.0471226
Via G. D'Annunzio,42.4737169,14.0830295
Via Le Piane,42.4761197,14.0861852
Via Lombardia,42.4454408,14.0344716
Via Manzoni,42.4729095,14.0849575
Via Masseria Flaiani,42.4653657,14.0497076
Via Materna,42.4706345,14.0212731
Via Milano,42.4438359,14.0420863
Via Molino del Giuoco,42.4739668,14.0839327
Via Po,42.4755703,14.0592244
Via Principe di Piemonte,42.4577087,14.0136083
Via San Gabriele,42.4435477,14.0456335
Via San Nicola,42.4741157,14.0849310
Via Santa Lucia,42.4667898,14.0754452
Via Santa Maria,42.4531868,14.0363461
Via Sulpizio,42.4721796,14.0835549
Via Tirino,42.4767634,14.0338143
Via Tratturo,42.4732708,14.0748339
Autostrada Adriatica,42.4699152,14.1150249
Contrada Colle Forche,42.4715777,14.1147367
Contrada Colle Passeri,42.4604432,14.0948176
Contrada Valle Sbraccia,42.4694492,14.1125183
Contrada Vigna del Re,42.4630672,14.1063747
Piazza della Chiesa,42.4636192,14.1038137
piazza Fratelli Giovannucci,42.4757521,14.1074335
Piazza Fratelli Giovannucci,42.4758310,14.1068698
Piazza Guglielmo Marconi,42.4650194,14.1033378
SP 12 Cappelle Caprara,42.4551809,14.0964182
Strada privata Colle Passeri,42.4581972,14.0949315
Strada Regionale 16 bis,42.4624082,14.1050187
Strada Statale 16 Bis,42.4648133,14.1033389
Variante Moscufo/Cappelle,42.4675125,14.0955503
Via Alessandro Manzoni,42.4734373,14.1072094
Via Cocchione,42.4695354,14.1009091
Via Colle Barbone,42.4601032,14.1063003
Via Colle Passeri,42.4588462,14.0960492
Via Dante Alighieri,42.4759569,14.1063350
via Fiume Tavo,42.4614846,14.0927295
Via Fiume Tavo,42.4649079,14.0902733
Via Fosso Annuccia,42.4620474,14.0984672
Via Gabriele D'Annunzio,42.4741557,14.1080384
Via Giosuè Carducci,42.4749422,14.1060372
Via Giovanni Pascoli,42.4797345,14.1048298
Via G. Pascoli,42.4778110,14.1079347
Via Leopardi,42.4742073,14.1076753
Via Luigi Pirandello,42.4739306,14.1069334
Via Magazzeno,42.4650451,14.0973285
Via Mazzini,42.4631045,14.0987223
Via Michelangelo,42.4742923,14.0994812
Via Pignatara,42.4687130,14.1048569
Via Regina Margherita,42.4637762,14.1038987
Via Roma,42.4660035,14.1033561
Via Staffieri,42.4602180,14.0915051
Via Tasso,42.4731319,14.1071924
Via Tavo,42.4658941,14.0916378
Via Umberto I,42.4650083,14.1016791
Via Vestina,42.4889672,14.1224062
Via Vestina a Mare,42.4704392,14.1071524
Via Vestina a Monte,42.4611418,14.0940688
Via Vigna del Re,42.4621684,14.1071684
Autostrada Adriatica,42.4978185,14.1153649
Contrada Valle Cupa,42.4763498,14.1472892
Contrada Valle Sbraccia,42.4749477,14.1124669
Corso Strasburgo,42.5191488,14.1568362
Corso Umberto I,42.4937142,14.1774860
ex Via Danubio,42.5042648,14.1226912
ex Via Lungofiume Saline (in disuso),42.5057359,14.1259253
Largo Belvedere,42.4918163,14.1384271
Largo Oriana Fallaci,42.5136709,14.1570046
Largo Santa Filomena,42.4934652,14.1780453
Largo Sir Robert Baden Powell,42.5003107,14.1739403
Passeggiata Licinio Di Fulvio,42.4917867,14.1391377
Piazza Alfredo Beni,42.5161301,14.1510369
Piazza Armando Diaz,42.5143272,14.1490374
Piazza Caduti del Lavoro,42.5137500,14.1604808
Piazza Dean Martin,42.5043565,14.1700891
Piazza Fabrizio Quattrocchi,42.5133678,14.1483824
Piazza Giardino,42.4916082,14.1400376
Piazza Giuseppe Trisi,42.5148342,14.1518411
Piazza Guglielmo marconi,42.5131180,14.1498815
Piazza Guglielmo Marconi,42.5131384,14.1498593
Piazza Indro Montanelli,42.5124580,14.1473668
Piazza J. F. Kennedy,42.5242140,14.1533257
Piazzale Suor Cristina Zecca,42.5131789,14.1504345
Piazza Lucio Battisti,42.5076864,14.1690132
Piazza Osvaldo Galli,42.4911445,14.1387349
Piazza Umberto I,42.4914954,14.1393846
Ponte Europa,42.5149087,14.1369514
Ponte Sant'Angelo,42.5222595,14.1471016
Strada Colle Caprino,42.4800613,14.1550699
Strada Comunale Colle Vento,42.4806361,14.1299964
Strada comunale D'Agnese,42.4943748,14.1572857
Strada Comunale della Fonte,42.4883949,14.1415774
Strada Comunale della Fonticella,42.4957696,14.1385775
Strada comunale Fonte dell'Olmo est,42.4898153,14.1305215
Strada Comunale Fosso Nono,42.4779446,14.1241347
Strada comunale Madonna del Carmine,42.4936975,14.1317969
Strada Comunale per Cappelle (I° tratto),42.4831715,14.1275372
Strada Comunale per Cappelle (II° tratto),42.4775193,14.1173630
Strada comunale per Spoltore,42.4733131,14.1316960
Strada Comunale per Spoltore,42.4848157,14.1358123
Strada comunale Pescara-Montesilvano,42.4846562,14.1466725
Strada comunale Pianacci,42.4924982,14.1533070
Strada Comunale San Paolo,42.4720175,14.1217967
Strada comunale Trave,42.4715591,14.1533622
Strada comunale Valle Furci,42.4784810,14.1447896
Strada da denominare n.10,42.4790817,14.1257110
Strada da denominare n.11,42.4754534,14.1284157
Strada da denominare n.2,42.4761168,14.1161266
Strada da denominare n.22,42.4878930,14.1447902
Strada da denominare n.25,42.4839340,14.1506132
Strada da denominare n.26,42.4822286,14.1543173
Strada da denominare n.3,42.4741625,14.1200543
Strada da denominare n.4,42.4737881,14.1253861
Strada da denominare n.7,42.4695378,14.1285878
Strada da denominare n.8,42.4776443,14.1192640
Strada da denominare n°13,42.4870261,14.1308239
Strada statale 714 diramazione Tangenziale di Pescara,42.4952122,14.1759905
Strada Statale 714 Tangenziale di Pescara,42.4933833,14.1550961
Strada vicinale Agostinone,42.4913691,14.1578393
Strada vicinale Palmerini,42.4705702,14.1449777
Via Abetone,42.4945183,14.1641198
Via Abramo Lincoln,42.5242960,14.1540211
Via Adda,42.5032759,14.1719718
Via Adige,42.4982764,14.1762925
Via Agri,42.4957406,14.1763414
Via Alcide De Gasperi,42.4936445,14.1772939
Via Aldo Rossi,42.5206837,14.1493794
Via Alessandro Manzoni,42.5151062,14.1544785
Via Almirante,42.5109422,14.1467599
Via Amatore Sciesa,42.5060059,14.1410849
Via Amendola,42.4990671,14.1318705
Via America,42.5164789,14.1615214
Via Amerigo Vespucci,42.4793312,14.1168529
Via Andrea Costa,42.5025900,14.1374254
Via Aniene,42.4987970,14.1762840
Via Antonio Gramsci,42.5119841,14.1501268
Via Antonio Labriola,42.5026375,14.1380864
Via Antonio Spagnuolo,42.4905447,14.1544611
Via Antonio Vivaldi,42.4941167,14.1206193
Via Antonio Zimei,42.5227278,14.1529872
Via Arcangelo Corelli,42.4843378,14.1186588
Via Aremogna,42.5131980,14.1632753
Via Arno,42.4948040,14.1801793
Via Arona,42.4947655,14.1290982
Via Arturo Toscanini,42.4879019,14.1168056
Via Aspromonte,42.4945592,14.1623330
Via Aterno,42.5098340,14.1451449
Via Augusto Anfossi,42.5054118,14.1604024
Via Aurelio Saffi,42.5099098,14.1527437
Via Austria,42.5206560,14.1512944
Via Avezzano,42.5089304,14.1683227
Via Bacchiglione,42.5000737,14.1719616
Via Bari,42.5063335,14.1673052
Via Basento,42.4952531,14.1811119
Via Basilicata,42.5130712,14.1591324
Via Belgio,42.5138500,14.1575336
Via Belice,42.4938950,14.1780154
Via Benedetto Croce,42.5125419,14.1529000
Via Biferno,42.4980903,14.1745791
Via Bocca di Valle,42.5129879,14.1640118
Via Bolsena,42.4964676,14.1753506
Via Bradano,42.5038045,14.1737498
Via Brenta,42.4955039,14.1732846
Via Brera,42.5133948,14.1583459
Via Brianza,42.5130953,14.1580785
Via Bruno Madonna,42.5012036,14.1402950
Via Caduti di Capaci,42.5133261,14.1456847
Via Caduti di Montesilvano,42.4808808,14.1156701
Via Caduti di Via D'Amelio,42.5114572,14.1416084
Via Cagliari,42.5069663,14.1684262
Via Calabria,42.5144037,14.1620151
Via Campania,42.5076404,14.1619766
Via Campobasso,42.5085693,14.1686259
Via Campo di Giove,42.5015121,14.1698847
Via Campo Imperatore,42.5111503,14.1616625
Via Campo Sportivo,42.5156530,14.1559679
Via Caravaggio,42.4925368,14.1745791
Via Carlo Alberto Dalla Chiesa,42.5074089,14.1591945
Via Carlo Armellini,42.5059759,14.1591057
Via Carlo Cattaneo,42.4988826,14.1674216
Via Carlo Pisacane,42.5027781,14.1419630
Via Carmine D'Agnese,42.5149800,14.1479342
Via Cavour,42.5120189,14.1569844
Via Cecina,42.5050767,14.1646354
Via Cerrano,42.5109171,14.1581007
Via Cervaro,42.5008797,14.1706990
Via Cervino,42.4918386,14.1727020
Via Cesare Balbo,42.4998400,14.1685715
Via Cesare Battisti,42.5157575,14.1499210
Via Cesare Beccaria,42.4989078,14.1314731
Via Cesare Correnti,42.5009876,14.1648342
Via Cesare Pavese,42.4909329,14.1234666
Via Chiappinello,42.4911618,14.1632089
Via Chieti,42.5064097,14.1680829
Via Ciro Menotti,42.5066812,14.1433807
Via Colle di Andromeda,42.5009639,14.1622955
Via Colle di Mezzo,42.5035382,14.1430210
Via Colle Fiorito,42.5029818,14.1580988
Via Colle Portone,42.5006902,14.1500157
Via Colli Euganei,42.5040112,14.1431745
Via Confalonieri,42.4983847,14.1687769
Via Congo,42.5075549,14.1396626
Via Corno Grande,42.5110565,14.1575906
Via Corno Piccolo,42.5116643,14.1577744
Via Costa,42.5022339,14.1361552
Via Crati,42.4944810,14.1830425
Via Cristoforo Colombo,42.4812840,14.1188154
Via Daniele Manin,42.4968653,14.1681162
Via Danimarca,42.5145002,14.1582090
Via Dante Alighieri,42.5162672,14.1578441
Via Danubio,42.5038477,14.1287401
Via degli Irpini,42.5109245,14.1457051
Via dei Dauni,42.5102906,14.1437395
Via dei Dorici,42.5111754,14.1427916
Via dei Frentani,42.5120574,14.1430715
Via dei Longobardi,42.5092158,14.1437399
Via dei Marsi,42.5103623,14.1444801
Via dei Peligni,42.5096994,14.1433364
Via Dei Sabini,42.5105303,14.1454260
Via dei Sanniti,42.5089609,14.1438192
Via dei Siculi,42.5119747,14.1434105
Via dei Teatini,42.5088667,14.1440896
Via dei Volsci,42.5093480,14.1450403
Via del Borgo,42.5079387,14.1449273
Via della Liberazione,42.5042167,14.1683198
via della stazione,42.4985506,14.1409966
Via delle Fabbriche,42.5099187,14.1358957
Via dell'Emigrante,42.4922391,14.1741881
Via delle Querce,42.5049508,14.1602902
Via Di Giovanni,42.4961392,14.1729809
Via di Sotto,42.4791159,14.1631913
Via Don,42.4960327,14.1268918
Via don Gaetano Agostinone,42.5118177,14.1440489
Via don Luigi Sturzo,42.5135175,14.1471651
Via Don Minzoni,42.4949684,14.1276953
Via Dora Baltea,42.4993464,14.1725155
Viadotto Saline,42.5206864,14.1448121
Via Ebro,42.5060657,14.1379763
Via Edmondo De Amicis,42.5128027,14.1536614
Via Egitto,42.5111150,14.1375184
Via Elba,42.4943757,14.1250671
Via Emidio Antico,42.4929300,14.1791098
Via Emilia,42.5139556,14.1600838
Via Emilio Alessandrini,42.5002820,14.1680854
Via Emilio Morosini,42.5096002,14.1463152
Via Ennio Flaiano,42.5153782,14.1534172
Via Enrico Berlinguer,42.5000603,14.1658745
Via Enrico Dandolo,42.5091362,14.1492700
Via Enrico Toti,42.5153089,14.1497980
Via Eolie,42.5069023,14.1636699
Via Esino,42.5010707,14.1713918
Via Etiopia,42.5111816,14.1360240
Via Ettore Di Blasio,42.5164327,14.1479784
Via Eufrate,42.5093259,14.1410985
Via Fausto Coppi,42.5012521,14.1663792
Via Felice Cavallotti,42.5138510,14.1417747
Via Felice Orsini,42.5025572,14.1416206
Via Ferdinando Magellano,42.4779460,14.1137168
Via Filippo Turati,42.4975120,14.1333076
Via Finlandia,42.5182474,14.1563061
Via Fino,42.4979553,14.1750695
Via Firenze,42.5074513,14.1704029
Via Fiume Samara,42.5098890,14.1342160
Via Flumendosa,42.5031102,14.1671542
Via Fonte Cesia,42.5059021,14.1491428
Via Fonte dell'Abbazia,42.5066239,14.1501346
Via Fonte d'Olmo ovest,42.4896674,14.1312621
Via Fonte Grande,42.5047187,14.1471940
Via Fonte Romana,42.5048520,14.1476328
Via Fonte Vetica,42.5044690,14.1485575
Via Foresta Nera,42.5031601,14.1324615
Via Fortore,42.4984070,14.1774505
Via Fosso Foreste,42.5061034,14.1320365
Via Francesco Colonna,42.5067522,14.1407501
Via Francesco Crispi,42.5001528,14.1682331
Via Francesco D'Avalos,42.5074521,14.1409572
Via Francesco Di Lauro,42.4974160,14.1716121
Via Francesco Paolo Michetti,42.5138563,14.1537126
Via Francesco Petrarca,42.5182737,14.1584858
Via Francia,42.5135154,14.1572971
Via Fratelli Bandiera,42.4955461,14.1681017
Via Fratelli Cairoli,42.5156888,14.1474484
Via Fratelli Cervi,42.4933063,14.1270190
Via Fratelli Rosselli,42.4944355,14.1265627
Via Friuli,42.5121795,14.1602415
Via Fucino,42.5120772,14.1622249
Via Fumaiolo,42.4919984,14.1609854
Via Gabriele D'Annunzio,42.5122130,14.1514337
Via Gabriele Ferri,42.4983804,14.1730818
Via Gabriele Rossetti,42.5119405,14.1547165
Via Gabrio Casati,42.4977119,14.1699809
Via Gaetano Donizetti,42.4905629,14.1219178
Via Gaetano Salvemini,42.4946793,14.1271165
Via Garigliano,42.4994009,14.1772026
Via Garonna,42.5062392,14.1355062
Via Genova,42.5065993,14.1685404
Via Giacomo Carissimi,42.4835529,14.1174230
Via Giacomo Leopardi,42.5161243,14.1587519
Via Giacomo Matteotti,42.5062585,14.1609299
Via Giacomo Medici,42.5080859,14.1477607
Via Giacomo Puccini,42.4947219,14.1139330
Via Gianni Marrone,42.4979659,14.1689768
Via Gino Bartali,42.5007064,14.1668261
Via Gioacchino Rossini,42.4903840,14.1188137
Via Giorgio Almirante,42.5116909,14.1467005
Via Giorgio Perlasca,42.5040022,14.1618561
Via Giovanni Andrea Pieri,42.5059405,14.1417315
Via Giovanni Boccaccio,42.5131162,14.1548922
Via Giovanni Caboto,42.4849261,14.1196516
Via Giovanni Chiarini,42.5100854,14.1524344
Via Giovanni Giolitti,42.5032382,14.1647551
Via Giovanni Nicotera,42.5063709,14.1412088
Via Giovanni Pascoli,42.5128703,14.1563115
Via Giovanni Verga,42.5204310,14.1560736
Via Giovanni XXIII,42.5095093,14.1565199
Via Giovi,42.4951911,14.1279923
Via Giulio Monteverde,42.4902391,14.1211949
Via Giulio Muzii,42.5138460,14.1478022
Via Giuseppe Castellano,42.4979558,14.1705783
Via Giuseppe Di Vittorio,42.5123269,14.1451579
Via Giuseppe Garibaldi,42.5104254,14.1487962
Via Giuseppe La Farina,42.5103310,14.1506231
Via Giuseppe Massarenti,42.4978899,14.1308242
Via Giuseppe Mazzini,42.5145863,14.1489836
Via Giuseppe Saragat,42.5015549,14.1642263
Via Giuseppe Verdi,42.4922729,14.1216166
Via Giuseppe Verrotti,42.5106124,14.1530678
Via Goffredo Mameli,42.5091458,14.1500273
Via Gorizia,42.5075214,14.1645527
Via Gran Paradiso,42.4947031,14.1639868
Via Gran Sasso,42.4944332,14.1633507
Via Grazia Deledda,42.5162040,14.1533963
Via Grecia,42.5192104,14.1501773
Via Grotta del Cavallone,42.5114530,14.1630005
Via Guadiana,42.5014949,14.1282765
Via Guido Gozzano,42.5160958,14.1528510
Via Guidonia,42.5093475,14.1634426
Via Idro,42.4948122,14.1755411
Via Ignazio Silone,42.5182676,14.1589155
Via Imera,42.5021236,14.1708894
Via Inn,42.5066877,14.1296552
Via Irpinia,42.5076296,14.1613577
Via Iseo,42.4962672,14.1726615
Via Isonzo,42.5050269,14.1686208
Via Italica,42.5127249,14.1653822
Via Lago di Bomba,42.4963751,14.1798050
Via Lago di Bracciano,42.4973748,14.1795396
Via Lago di Carezza,42.4979001,14.1787182
Via Lago di Como,42.4968167,14.1796414
Via Lago di Costanza,42.4961291,14.1800998
Via Lago di Garda,42.4952102,14.1776024
Via Lago di Misurina,42.4941377,14.1798960
Via Lago di Scanno,42.4946387,14.1775060
Via Lago di Suviana,42.4953995,14.1792112
Via Lago di Vittoria,42.5091941,14.1390055
Via Lago Maggiore,42.4980566,14.1781536
Via Lago Trasimeno,42.4957474,14.1805081
Via La Marmora,42.5065824,14.1577009
Via Lambro,42.5042452,14.1664997
Via Lanciano,42.5086928,14.1665434
Via L'Aquila,42.5086049,14.1698835
Via Lavino,42.4948871,14.1814805
Via Lazio,42.5103097,14.1636516
Viale Abruzzo,42.5123441,14.1609355
Viale Alberto D'Andrea,42.5203991,14.1525057
Viale Alberto D'Andrea; Via Aldo Rossi; Viale Alberto D'Andrea,42.5227351,14.1508062
Viale Aldo Moro,42.5190410,14.1472696
Viale Carlo Maresca,42.5222802,14.1548937
Viale della Liberazione,42.5048726,14.1676053
Viale Europa,42.5128968,14.1553898
Viale Inghilterra,42.5203858,14.1549689
Viale John Fitzgerald Kennedy,42.5229838,14.1534176
Via Libia,42.5105332,14.1346934
Via Liguria,42.5117863,14.1645911
Via Liri,42.4980822,14.1738227
Via Livenza,42.4938554,14.1832471
Via Lodi,42.5088308,14.1480447
Via Loira,42.5064339,14.1655384
Via Lombardia,42.5133705,14.1589222
Via Lucania,42.5107663,14.1657536
Via Luciani,42.5104309,14.1493671
Via Luciano Manara,42.5092719,14.1507218
Via Ludovico Ariosto,42.5204333,14.1564856
Via Lugano,42.4939547,14.1758158
Via Luigi Antonelli,42.5130821,14.1522337
Via Luigi Cadorna,42.5161088,14.1490038
Via Luigi Capuana,42.4983776,14.1708823
Via Luigi Settembrini,42.5104685,14.1482741
Via Lungofiume Saline,42.5136792,14.1373387
Via Lussemburgo,42.5195654,14.1531724
Via Maiella,42.4935436,14.1638519
Via Mantova,42.5025567,14.1686114
Via Marche,42.5102531,14.1592533
Via Marco Biagi,42.5001115,14.1309564
Via Marco Minghetti,42.5063294,14.1578975
Via Marco Polo,42.4859816,14.1244188
Via Maremma,42.5110565,14.1654255
Via Mariannina Marinelli,42.5099005,14.1688995
Via Marmolada,42.4929339,14.1695975
Via Martin Luther King,42.5099445,14.1570063
Via Martiri delle Foibe,42.5122690,14.1401730
Via Martiri di Belfiore,42.5037906,14.1420248
Via Martiri di Via Fani,42.5130874,14.1454595
Via Martiri d'Ungheria,42.5149436,14.1493785
Via Martiri Pennesi,42.5054289,14.1403369
Via Massimo D'Antona,42.5012641,14.1291171
Via Massimo D'Azeglio,42.5057176,14.1557340
Via Meno,42.5045534,14.1292372
Via Metauro,42.5002472,14.1752801
Via Michelangelo,42.5100048,14.1558684
Via Migliorino Di Pietro,42.5038082,14.1384620
Via Milano,42.5071631,14.1688570
Via Mincio,42.5041427,14.1712793
Via Modesto Della Porta,42.5103635,14.1500283
Via Mohandas Gandhi,42.5167016,14.1467388
Via Moldava,42.4966685,14.1272481
Via Molise,42.5068428,14.1629436
Via Mologa,42.5074210,14.1376126
Via Moncenisio,42.4962011,14.1651906
Via Monsignor G. Di Francesco,42.5175351,14.1495287
Via Monte Adamello,42.4940205,14.1702267
Via Monte Amaro,42.4961196,14.1664889
Via Monte Amiata,42.4933094,14.1648304
Via Monte Argentera,42.4941939,14.1699173
Via Monte Bianco,42.4943267,14.1703751
Via Monte Cimone,42.4937846,14.1655399
Via Monte Civetta,42.4951337,14.1684796
Via Monte Grappa,42.4957502,14.1639699
Via Monte Rosa,42.4949261,14.1661475
Via Monte Sirente,42.4929777,14.1556488
Via Monte Velino,42.4959805,14.1663609
Via Monte Vettore,42.4964431,14.1317701
Via Montevideo,42.4878212,14.1198824
Via Monte Vigo,42.4949615,14.1687596
Via Monti della Favorita,42.4933188,14.1547485
Via Monti della Laga,42.4936284,14.1569616
Via Monti Peloritani,42.4936407,14.1629276
Via Monviso,42.4944512,14.1657979
Via Morrone,42.5121770,14.1628886
Via Moscova,42.4973515,14.1248926
Via Mosella,42.4981777,14.1286252
Via M. Volpe,42.5143704,14.1503402
Via Napoli,42.5063809,14.1687171
Via Naviglio,42.5140623,14.1589807
Via Nazario Sauro,42.5129762,14.1468417
Via Nazionale Adriatica Nord,42.4888297,14.1834847
Via Neil Armstrong,42.5093444,14.1563495
Via Nera,42.4990965,14.1767306
Via Neva,42.4953728,14.1261707
Via N. Giansante,42.4820832,14.1149225
Via Niccolò Machiavelli,42.5189601,14.1500510
Via Niccolò Paganini,42.4852662,14.1176231
Via Niccolò Tommaseo,42.4977407,14.1654061
Via Nicola Barbato,42.4992293,14.1330737
Via Niger,42.5086283,14.1391064
Via Nilo,42.5092669,14.1391464
Via Nino Bixio,42.5055253,14.1597925
Via Nino Sospiri,42.5113569,14.1491338
Via Oder,42.5054014,14.1372094
Via Ofanto,42.4938559,14.1788532
Via Oglio,42.5039989,14.1716383
Via Olanda,42.5141522,14.1578841
Via Oliviero Martelli,42.4875108,14.1115731
Via Olona,42.5033507,14.1668736
Via Ombrone,42.5051854,14.1653438
Via Orange,42.5098673,14.1415818
Via Orta,42.4959392,14.1732748
Via Ottorino Respighi,42.4875392,14.1208455
Via Ovidio,42.5129721,14.1523769
Via Pallanza,42.4955660,14.1304434
Via Palmiro Togliatti,42.5011551,14.1383424
Via Panaro,42.5042664,14.1663285
Via Passo dello Stelvio,42.4922443,14.1617048
Via Passolanciano,42.5138533,14.1640320
Via Passo Rolle,42.4917867,14.1622406
Via Passo San Leonardo,42.5118567,14.1628874
Via Passo Sella,42.4967842,14.1305226
Via Pescara,42.5071578,14.1660730
Via Piave,42.5057003,14.1647358
Via Piceni,42.5132781,14.1390417
Via Piemonte,42.5153873,14.1609298
Via Piero Gobetti,42.4971572,14.1293352
Via Pietro Mascagni,42.4867691,14.1106821
Via Pietro Micca,42.5061315,14.1430297
Via Po,42.5050909,14.1654890
Via Polacchi,42.5084618,14.1421811
Via Polesine,42.5095355,14.1632472
Via Portogallo,42.5190626,14.1516614
Via Potenza,42.5085023,14.1622522
Via Prampolini,42.4974197,14.1331812
Via P. Rapino,42.4818472,14.1160004
Via Puglia,42.5084072,14.1615356
Via Raffaello,42.5014110,14.1658557
Via Reno,42.5001398,14.1715519
Via Rimini,42.5044054,14.1398700
Via Roberto Ruffilli,42.5109619,14.1547075
Via Roma,42.5151348,14.1499260
Via Romagna,42.5147933,14.1615886
Via Ruggero Leoncavallo,42.4870184,14.1193459
Via Sacco e Vanzetti,42.4893115,14.1224270
Via Sagittario,42.4968957,14.1751338
Via Salentina,42.5093462,14.1603443
Via Saline,42.4976464,14.1798432
Via Salinello,42.4943771,14.1240978
Via Salso,42.5012192,14.1700487
Via Salvo D'Acquisto,42.5100283,14.1510623
Via San Carlo Borromeo,42.4956159,14.1299770
Via San Domenico,42.5142761,14.1507752
Via San Francesco d'Assisi,42.5140150,14.1510913
Via San Gottardo,42.4997858,14.1361953
Via Sangro,42.5005478,14.1710634
Via San Josemaria Escrivà,42.5137079,14.1625193
Via Sannio,42.5102524,14.1457202
Via San Padre Pio da Pietrelcina,42.5007109,14.1362303
Via San Paolo,42.5150723,14.1511068
Via San Pietro,42.5147070,14.1502365
Via Santa Teresa d'Avila,42.4814036,14.1156381
Via Sarca,42.5047335,14.1712424
Via Sardegna,42.5071144,14.1629074
Via Sava,42.5024142,14.1331785
Via Secchia,42.5016932,14.1724653
Via Sele,42.5011044,14.1743137
Via Senegal,42.5087030,14.1403866
Via Senna,42.5009044,14.1280712
Via Settimo Torinese,42.4962940,14.1762841
Via Sicilia,42.5074940,14.1634410
Via Sila,42.5088883,14.1609437
Via Silvino Di Giovanni,42.4954750,14.1719736
Via Silvio Pellico,42.5113617,14.1539646
Via Silvio Spaventa,42.5118027,14.1538060
Via Simeto,42.5018756,14.1742878
Via Sinni,42.4938595,14.1773953
Via Sir Robert Baden Powell,42.5007105,14.1740921
Via Spagna,42.5183018,14.1498104
Via Stresa,42.4950337,14.1295578
Via Studenti di San Giuliano di Puglia,42.5086515,14.1561756
Via Sulmona,42.5083348,14.1679509
Via Tagliamento,42.4997807,14.1719956
Via Tamigi,42.4968148,14.1226441
Via Tanaro,42.5028492,14.1726701
Via Taro,42.5031227,14.1749575
Via Tavo,42.4984485,14.1724166
Via Teramo,42.5073183,14.1664816
Via Tevere,42.4993756,14.1763969
Via Theodore Roosevelt,42.5237693,14.1529570
Via Tibullo,42.5117571,14.1529640
Via Ticino,42.5019762,14.1693136
Via Tigri,42.5058044,14.1369482
Via Timavo,42.5018224,14.1738156
Via Tirreno,42.5004521,14.1699543
Via Tirso,42.4954721,14.1783711
Via Tito Speri,42.5057386,14.1591777
Via Tivoli,42.5096926,14.1631077
Via Tommaseo,42.4983866,14.1615741
Via Tordino,42.4977114,14.1747132
Via Torino,42.5058432,14.1693105
Via Torquato Tasso,42.5162976,14.1590774
Via Torrente Piomba,42.5059819,14.1722427
Via Toscana,42.5073829,14.1622892
Via Trebbia,42.5026167,14.1728417
Via Trentino,42.5098235,14.1655599
Via Trieste,42.5101496,14.1686571
Via Trigno,42.4982013,14.1754200
Via Tronto,42.5006196,14.1768174
Via Ugo Bassi,42.5074094,14.1446770
Via Ugo Foscolo,42.5157853,14.1551081
Via Umberto Nobile,42.5157083,14.1487136
Via Umbria,42.5141337,14.1623143
Via Ungheria,42.5193321,14.1555485
Via Vado di Sole,42.5112093,14.1615214
Via Valle d'Aosta,42.5110280,14.1642370
Via Vallerosa,42.4630143,14.1229329
Via Valtellina,42.5136732,14.1585925
Via Valter Verziere,42.4998579,14.1312576
Via Varo,42.4936327,14.1839537
Via Vele sul Mare,42.4936485,14.1670495
Via Veneto,42.5147171,14.1608355
Via Venezia,42.5052891,14.1699408
Via Venezia Giulia,42.5147932,14.1618942
Via Verbania,42.4952979,14.1299944
Via Vestina,42.5124575,14.1456365
Via Vezzola,42.4980997,14.1731308
Via Vincenzo Agostinone,42.5087175,14.1575218
Via Vistola,42.4976816,14.1276480
Via Vitello d'Oro,42.5126668,14.1631673
Via Vittorio Alfieri,42.5153068,14.1571730
Via Vittorio Ambrosini,42.5010916,14.1351538
Via Vittorio Bachelet,42.5111512,14.1416978
Via Vittorio Emanuele II,42.4912259,14.1409279
Via Vittorio La Malfa,42.4784590,14.1139994
Via Volga,42.5071144,14.1368588
Via Volturno,42.5054952,14.1658256
Via Vomano,42.4956449,14.1770344
Via Yuri Gagarin,42.5096443,14.1566847
Via Zambesi,42.5072270,14.1385587
Autostrada Adriatica,42.4978185,14.1153649
Contrada Colle di Moro,42.5201393,14.1074613
Contrada Fonte di Moro,42.4874066,14.0790945
Contrada Maddalena,42.5187375,14.0726738
Contrada Piano di Sacco,42.4924916,14.0331687
Corso Umberto I,42.5179519,14.0592059
Corso Vittorio Emanuele,42.5185080,14.0594333
Largo Baiocchi,42.5202683,14.0629001
Ponte Europa,42.5149087,14.1369514
Ponte Sant'Angelo,42.5222595,14.1471016
Strada Brecciano,42.5089270,14.0498208
Strada Circonvallazione,42.5180541,14.0586857
Strada da Gaglierano,42.5124779,14.0276761
Strada dei Fiori,42.5185167,14.1319393
Strada delle Terme,42.5391142,14.0542626
Strada Gaglierano,42.5079077,14.0370675
Strada Giardino,42.5147976,14.0726018
Strada Grottone,42.5170531,14.0561445
Strada Lungofino,42.5197964,14.1364797
Strada privata,42.5209799,14.1028119
Strada San Lorenzo,42.5219326,14.0674009
Strada Statale 16 Adriatica,42.5302101,14.1332996
Via Achille Grandi,42.5134848,14.1127192
Via Alberto Coppa,42.5185800,14.1287509
Via Belvedere,42.5240661,14.1265291
Via Cantine,42.5119369,14.0194304
Via Colle delle More,42.5208107,14.0963534
Via Collina,42.5217196,14.1288177
Via Cupello,42.5122679,14.1016173
Via degli Ulivi,42.5115732,14.1064804
Via dei Ciclamini,42.5168819,14.1280028
Via del Cimitero,42.5107093,14.0031767
Via del Giglio,42.5166074,14.1305401
Via della Congreca,42.5236014,14.0774452
Via della Fornace,42.5149476,14.0512232
Via della Madonnuccia,42.5193007,14.0664383
Via della Martella,42.5158943,14.0562035
Via dell'Annunziata,42.5150216,14.0534610
Via dell'Artigianato,42.5169097,14.0697162
Via della Scafa,42.5196473,14.1369444
Via della Sorgente,42.5238015,14.1177470
Via dell'Autostrada,42.5207653,14.1323561
Via delle Ginestre,42.5159358,14.1270726
Via delle Gualchiere,42.5170101,14.1347453
Via delle Industrie,42.4905055,14.0138397
Via delle Tamerici,42.5268221,14.1463659
Via del Mulino Vecchio,42.5151505,14.0550957
Via del Porto Romano,42.5243133,14.1387626
Via di Villa Forcella,42.5210665,14.1142984
Viadotto Saline,42.5206864,14.1448121
via fonte canale,42.4962887,14.0618721
Via Fonte Umano,42.5217215,14.1316604
Via Fraternità Magistrale,42.5245449,14.1221917
Via Gabriele D'Annunzio,42.5177543,14.0603399
Via Galileo Gentile,42.5204942,14.1025002
Via Giuseppe Di Vittorio,42.5218187,14.1017585
Viale Cesare Battisti,42.5189665,14.0616895
Viale Matrino,42.5266152,14.1376689
Via Leonardo Petruzzi,42.5214627,14.1288388
Viale San Martino,42.5174574,14.1237915
Via Levante,42.5233233,14.1289153
Viale Vincenzo Basile,42.5167700,14.0614360
Via Luciano Lama,42.5238226,14.1085866
Via Ludovico Antinori,42.5251782,14.1373165
Via Madonna della Pace,42.5199858,14.0933188
Via Maestri Angolani,42.5242187,14.1228004
Via Manlio Tentarelli,42.5216914,14.1263758
Via Mario Colella,42.5220679,14.1094548
Via Moscarola,42.5110993,14.1249951
Via Mulino del Gioco,42.5206603,14.1399961
Via Nicola Palma,42.5247175,14.1368940
via paino di sacco,42.4843626,14.0593531
Via Pasquale Baiocchi,42.5184060,14.1237877
Via Peracchia,42.5156806,14.1252480
Via Piambo,42.5229804,14.1165899
Via Piano di Sacco,42.4875638,14.0786326
Via Plinio il Vecchio,42.5261146,14.1367263
Via Roberto Nasuti,42.5199473,14.1255438
Via Salara,42.5216598,14.1385048
Via Saline,42.5228540,14.1422868
Via Sant'Agnese,42.5028831,14.0502855
Via Selva del Moro,42.5230901,14.0997938
Via Sorricchio di Val Forte,42.5256469,14.0216457
Via Strabone,42.5243947,14.1367875
Via Tavolato,42.5065612,14.0576989
Via Tirino,42.5236999,14.1149929
Via Torre Costiera,42.5233955,14.1427268
Via Torrette,42.5177698,14.0695001
Via Travetti,42.5189586,14.0630953
Via Vincenzo Cilli,42.5209354,14.1135986
Via XXII maggio 1944,42.5227879,14.1417543
Contrada Bastioni,42.4920305,14.0003175
Contrada Madonna degli Angeli,42.5056742,13.9733207
Contrada Sant'Agnello,42.4995031,13.9829897
Corso Umberto I,42.5187001,13.9685786
Strada Baricelle,42.5045068,13.9853860
Strada Collina,42.5214877,13.9621823
Strada comunale Martella-Casarco,42.5108894,13.9774086
Strada Mulino Piancarreto,42.5061321,13.9666215
Strada Piccianello,42.4982387,13.9887026
Strada Prepositura II°,42.5028055,13.9869524
Strada Privata,42.5237549,13.9715280
Strada Ricci,42.5089904,13.9610030
Via Aterno,42.4925224,13.9935139
Via dei Platani,42.5073791,13.9681100
Via Gabriele D'Annunzio,42.5230476,13.9716241
Via G. Marconi,42.5192714,13.9686587
Via P. Baroni,42.5191816,13.9681393
Via Pescara,42.5233610,13.9711497
Via Piana,42.5145785,13.9665732
Via Po,42.4927447,13.9907487
Via Teramo,42.5209164,13.9686256
Via Tirino,42.4918694,13.9944823
